/* --- 선택: 기존 데이터 삭제 방지 --- */
/* 필요하면 주석 해제해서 비우세요
-- DELETE FROM rental_history;
-- DELETE FROM rental;
-- DELETE FROM item_detail_images;
-- DELETE FROM item;
-- DELETE FROM users;
-- DELETE FROM category;
-- DELETE FROM sub_category;
*/

/* --- 0) 마이그레이션 안전장치 ---------------------------- */

/* 0-1. user 테이블만 있고 users 가 없으면 RENAME */
SET @has_users := (SELECT COUNT(*) FROM information_schema.tables
                   WHERE table_schema = DATABASE() AND table_name = 'users');
SET @has_user  := (SELECT COUNT(*) FROM information_schema.tables
                   WHERE table_schema = DATABASE() AND table_name = 'user');

SET @sql := IF(@has_users = 0 AND @has_user = 1,
               'RENAME TABLE `user` TO `users`',
               'SELECT 1');
PREPARE stmt FROM @sql; EXECUTE stmt; DEALLOCATE PREPARE stmt;

/* 0-2. 두 테이블이 동시에 있으면 `user` → `users` 로 데이터만 복사(중복 무시) */
SET @has_users := (SELECT COUNT(*) FROM information_schema.tables
                   WHERE table_schema = DATABASE() AND table_name = 'users');
SET @has_user  := (SELECT COUNT(*) FROM information_schema.tables
                   WHERE table_schema = DATABASE() AND table_name = 'user');

SET @sql := IF(@has_users = 1 AND @has_user = 1,
'INSERT IGNORE INTO `users` (id, email, password, name, nickname, role, created_at, updated_at)
 SELECT id, email, password, name, nickname, role, created_at, updated_at FROM `user`',
'SELECT 1');
PREPARE stmt FROM @sql; EXECUTE stmt; DEALLOCATE PREPARE stmt;

/* 0-3. `item.partner_id` 가 아직 `partner`를 참조하면 FK 제거 후 `users` 로 연결 */
SET @fk_partner := (SELECT CONSTRAINT_NAME
                    FROM information_schema.key_column_usage
                    WHERE table_schema = DATABASE()
                      AND table_name = 'item'
                      AND column_name = 'partner_id'
                      AND referenced_table_name = 'partner'
                    LIMIT 1);

SET @sql := IF(@fk_partner IS NOT NULL,
               CONCAT('ALTER TABLE `item` DROP FOREIGN KEY ', @fk_partner),
               'SELECT 1');
PREPARE stmt FROM @sql; EXECUTE stmt; DEALLOCATE PREPARE stmt;

/* 이미 users 로 붙어있는지 확인하고 없으면 FK 추가 */
SET @has_fk_users := (SELECT COUNT(*)
                      FROM information_schema.key_column_usage
                      WHERE table_schema = DATABASE()
                        AND table_name   = 'item'
                        AND column_name  = 'partner_id'
                        AND referenced_table_name = 'users');

SET @sql := IF(@has_fk_users = 0,
'ALTER TABLE `item`
   ADD CONSTRAINT `fk_item_partner_users`
   FOREIGN KEY (`partner_id`) REFERENCES `users`(`id`)
   ON UPDATE CASCADE ON DELETE RESTRICT',
'SELECT 1');
PREPARE stmt FROM @sql; EXECUTE stmt; DEALLOCATE PREPARE stmt;

/* --- 1) 카테고리/서브카: 인덱스 + 더미 데이터 ------------- */
CREATE UNIQUE INDEX IF NOT EXISTS uq_category_name
    ON category (name);

CREATE UNIQUE INDEX IF NOT EXISTS uq_sub_category_catid_name
    ON sub_category (category_id, name);

INSERT IGNORE INTO category (id, name) VALUES
  (1,'촬영/미디어'), (2,'캠핑/레저'), (3,'행사/전시/무대'), (4,'가전/생활/사무'), (5,'기타/기타장비');

INSERT IGNORE INTO sub_category (category_id, name) VALUES
 (1,'카메라'),(1,'렌즈'),(1,'삼각대'),(1,'짐벌'),(1,'조명'),(1,'마이크'),(1,'드론'),(1,'오디오 레코더'),(1,'모니터'),
 (2,'텐트'),(2,'캠핑의자/테이블'),(2,'침낭/매트'),(2,'버너/그릴'),(2,'전기쿨러'),(2,'랜턴'),(2,'캠핑박스'),(2,'야외조리도구'),
 (3,'음향 시스템'),(3,'조명 시스템'),(3,'배너/입간판'),(3,'의자/테이블'),(3,'텐트/부스'),(3,'무대 구조물'),(3,'전시 패널'),
 (4,'노트북'),(4,'모니터'),(4,'청소기'),(4,'빔프로젝터'),(4,'에어컨/냉장고'),(4,'프린터'),(4,'의자/책상'),
 (5,'공구세트'),(5,'디지털계측기'),(5,'보호장비'),(5,'차량용 보조배터리'),(5,'기타');

/* --- 2) 사용자 + 파트너(사업자 정보는 users에 저장) ------ */
/* bcrypt 샘플 패스워드 그대로 유지 */
INSERT IGNORE INTO `users`
  (id, email, password, name, nickname, role,
   business_no, contact_email, contact_phone,
   created_at, updated_at)
VALUES
 (1,'partner1@rentex.com','$2a$10$Dow1dZegFfNyQ2Q8qYMK8u9B9m8cPQgE1zLOKMGdCjHh5QiNvxtlW','카메라랜드','파트너1','PARTNER','641-40-98183','카메라랜드@rentex.com','010-2403-9141',NOW(),NOW()),
 (2,'partner2@rentex.com','$2a$10$Dow1dZegFfNyQ2Q8qYMK8u9B9m8cPQgE1zLOKMGdCjHh5QiNvxtlW','렌즈마켓','파트너2','PARTNER','234-60-36845','렌즈마켓@rentex.com','010-2984-7665',NOW(),NOW()),
 (3,'partner3@rentex.com','$2a$10$Dow1dZegFfNyQ2Q8qYMK8u9B9m8cPQgE1zLOKMGdCjHh5QiNvxtlW','삼각대월드','파트너3','PARTNER','321-54-82271','삼각대월드@rentex.com','010-3235-2235',NOW(),NOW()),
 (4,'partner4@rentex.com','$2a$10$Dow1dZegFfNyQ2Q8qYMK8u9B9m8cPQgE1zLOKMGdCjHh5QiNvxtlW','짐벌코리아','파트너4','PARTNER','910-78-68005','짐벌코리아@rentex.com','010-3522-4949',NOW(),NOW()),
 (5,'partner5@rentex.com','$2a$10$Dow1dZegFfNyQ2Q8qYMK8u9B9m8cPQgE1zLOKMGdCjHh5QiNvxtlW','조명프라자','파트너5','PARTNER','451-29-11457','조명프라자@rentex.com','010-3272-6701',NOW(),NOW()),
 (6,'partner6@rentex.com','$2a$10$Dow1dZegFfNyQ2Q8qYMK8u9B9m8cPQgE1zLOKMGdCjHh5QiNvxtlW','사운드렌탈','파트너6','PARTNER','662-85-98827','사운드렌탈@rentex.com','010-3476-1486',NOW(),NOW()),
 (7,'partner7@rentex.com','$2a$10$Dow1dZegFfNyQ2Q8qYMK8u9B9m8cPQgE1zLOKMGdCjHh5QiNvxtlW','드론익스프레스','파트너7','PARTNER','681-64-28328','드론익스프레스@rentex.com','010-6822-7826',NOW(),NOW()),
 (8,'partner8@rentex.com','$2a$10$Dow1dZegFfNyQ2Q8qYMK8u9B9m8cPQgE1zLOKMGdCjHh5QiNvxtlW','오디오샵','파트너8','PARTNER','788-22-25180','오디오샵@rentex.com','010-1193-4405',NOW(),NOW()),
 (9,'partner9@rentex.com','$2a$10$Dow1dZegFfNyQ2Q8qYMK8u9B9m8cPQgE1zLOKMGdCjHh5QiNvxtlW','모니터존','파트너9','PARTNER','291-31-89216','모니터존@rentex.com','010-7444-8971',NOW(),NOW()),
 (10,'partner10@rentex.com','$2a$10$Dow1dZegFfNyQ2Q8qYMK8u9B9m8cPQgE1zLOKMGdCjHh5QiNvxtlW','캠핑파크','파트너10','PARTNER','963-26-91658','캠핑파크@rentex.com','010-3935-3043',NOW(),NOW()),
 (11,'partner11@rentex.com','$2a$10$Dow1dZegFfNyQ2Q8qYMK8u9B9m8cPQgE1zLOKMGdCjHh5QiNvxtlW','캠핑스토리','파트너11','PARTNER','248-41-82882','캠핑스토리@rentex.com','010-7904-9164',NOW(),NOW()),
 (12,'partner12@rentex.com','$2a$10$Dow1dZegFfNyQ2Q8qYMK8u9B9m8cPQgE1zLOKMGdCjHh5QiNvxtlW','버너하우스','파트너12','PARTNER','236-15-47813','버너하우스@rentex.com','010-9538-1655',NOW(),NOW()),
 (13,'partner13@rentex.com','$2a$10$Dow1dZegFfNyQ2Q8qYMK8u9B9m8cPQgE1zLOKMGdCjHh5QiNvxtlW','쿨러월드','파트너13','PARTNER','524-13-83512','쿨러월드@rentex.com','010-4574-6264',NOW(),NOW()),
 (14,'partner14@rentex.com','$2a$10$Dow1dZegFfNyQ2Q8qYMK8u9B9m8cPQgE1zLOKMGdCjHh5QiNvxtlW','랜턴마켓','파트너14','PARTNER','173-16-19118','랜턴마켓@rentex.com','010-2093-8971',NOW(),NOW()),
 (15,'partner15@rentex.com','$2a$10$Dow1dZegFfNyQ2Q8qYMK8u9B9m8cPQgE1zLOKMGdCjHh5QiNvxtlW','행사렌탈컴퍼니','파트너15','PARTNER','820-60-32452','행사렌탈컴퍼니@rentex.com','010-1670-9465',NOW(),NOW()),
 (16,'partner16@rentex.com','$2a$10$Dow1dZegFfNyQ2Q8qYMK8u9B9m8cPQgE1zLOKMGdCjHh5QiNvxtlW','무대마스터','파트너16','PARTNER','774-13-73620','무대마스터@rentex.com','010-9395-5520',NOW(),NOW()),
 (17,'partner17@rentex.com','$2a$10$Dow1dZegFfNyQ2Q8qYMK8u9B9m8cPQgE1zLOKMGdCjHh5QiNvxtlW','전시스토어','파트너17','PARTNER','806-94-64563','전시스토어@rentex.com','010-3199-7326',NOW(),NOW()),
 (18,'partner18@rentex.com','$2a$10$Dow1dZegFfNyQ2Q8qYMK8u9B9m8cPQgE1zLOKMGdCjHh5QiNvxtlW','오피스렌트','파트너18','PARTNER','829-82-39334','오피스렌트@rentex.com','010-2219-1199',NOW(),NOW()),
 (19,'partner19@rentex.com','$2a$10$Dow1dZegFfNyQ2Q8qYMK8u9B9m8cPQgE1zLOKMGdCjHh5QiNvxtlW','디지털툴스','파트너19','PARTNER','217-17-79952','디지털툴스@rentex.com','010-7136-4148',NOW(),NOW()),
 (100,'user1@rentex.com','$2a$10$Dow1dZegFfNyQ2Q8qYMK8u9B9m8cPQgE1zLOKMGdCjHh5QiNvxtlW','홍길동','길동이','USER',NULL,NULL,NULL,NOW(),NOW()),
 (101,'admin@rentex.com','$2a$10$Dow1dZegFfNyQ2Q8qYMK8u9B9m8cPQgE1zLOKMGdCjHh5QiNvxtlW','관리자','운영자','ADMIN',NULL,NULL,NULL,NOW(),NOW());

-- 3. 장비
INSERT IGNORE INTO item (id, name, description, stock_quantity, status, partner_id, created_at, updated_at, category_id, sub_category_id, daily_price, thumbnail_url) VALUES (1, 'Canon EOS R6', '카메라 장비 - Canon EOS R6', 9, 'AVAILABLE', 1, '2025-08-12 00:42:39', '2025-08-12 00:42:39', 1, 1, 7373, 'https://upload.wikimedia.org/wikipedia/commons/4/47/Canon_EOS_R6_15.jpg');
INSERT IGNORE INTO item (id, name, description, stock_quantity, status, partner_id, created_at, updated_at, category_id, sub_category_id, daily_price, thumbnail_url) VALUES (2, 'Sony A7 III', '카메라 장비 - Sony A7 III', 5, 'AVAILABLE', 2, '2025-08-12 00:42:39', '2025-08-12 00:42:39', 1, 1, 23212, 'https://upload.wikimedia.org/wikipedia/commons/c/c9/Sony_a7_III_Full-Frame_Mirror_less_camera_with_Sony_-_FE_24-105mm_F4_G_OSS_lens_01.jpg');
INSERT IGNORE INTO item (id, name, description, stock_quantity, status, partner_id, created_at, updated_at, category_id, sub_category_id, daily_price, thumbnail_url) VALUES (3, 'Nikon Z6', '카메라 장비 - Nikon Z6', 3, 'AVAILABLE', 3, '2025-08-12 00:42:39', '2025-08-12 00:42:39', 1, 1, 40450, 'https://upload.wikimedia.org/wikipedia/commons/d/d7/Nikon_Z_6_with_Nikon_Z_24-70_f4_S_front_left.jpg');
INSERT IGNORE INTO item (id, name, description, stock_quantity, status, partner_id, created_at, updated_at, category_id, sub_category_id, daily_price, thumbnail_url) VALUES (4, 'Fujifilm X-T4', '카메라 장비 - Fujifilm X-T4', 4, 'AVAILABLE', 4, '2025-08-12 00:42:39', '2025-08-12 00:42:39', 1, 1, 34132, 'https://upload.wikimedia.org/wikipedia/commons/7/7c/Fujifilm_X-T4_29_apr_2020e.jpg');
INSERT IGNORE INTO item (id, name, description, stock_quantity, status, partner_id, created_at, updated_at, category_id, sub_category_id, daily_price, thumbnail_url) VALUES (5, 'Panasonic GH5', '카메라 장비 - Panasonic GH5', 4, 'AVAILABLE', 5, '2025-08-12 00:42:39', '2025-08-12 00:42:39', 1, 1, 46968, 'https://upload.wikimedia.org/wikipedia/commons/b/b6/Panasonic.Lumix.DC-GH5.jpg');
INSERT IGNORE INTO item (id, name, description, stock_quantity, status, partner_id, created_at, updated_at, category_id, sub_category_id, daily_price, thumbnail_url) VALUES (6, 'EF 24-70mm', '렌즈 장비 - EF 24-70mm', 3, 'AVAILABLE', 6, '2025-08-12 00:42:39', '2025-08-12 00:42:39', 1, 2, 30682, 'https://upload.wikimedia.org/wikipedia/commons/e/ef/Canon_EF_24-70mm_f2.8_L_II_USM_lens.jpg');
INSERT IGNORE INTO item (id, name, description, stock_quantity, status, partner_id, created_at, updated_at, category_id, sub_category_id, daily_price, thumbnail_url) VALUES (7, 'RF 50mm f1.2', '렌즈 장비 - RF 50mm f1.2', 7, 'AVAILABLE', 7, '2025-08-12 00:42:39', '2025-08-12 00:42:39', 1, 2, 14180, 'https://upload.wikimedia.org/wikipedia/commons/a/a0/Canon_RF_50mm_F1.2L_USM.jpg');
INSERT IGNORE INTO item (id, name, description, stock_quantity, status, partner_id, created_at, updated_at, category_id, sub_category_id, daily_price, thumbnail_url) VALUES (8, 'Nikkor Z 85mm', '렌즈 장비 - Nikkor Z 85mm', 6, 'AVAILABLE', 8, '2025-08-12 00:42:39', '2025-08-12 00:42:39', 1, 2, 26160, 'https://upload.wikimedia.org/wikipedia/commons/1/14/Nikon_NIKKOR_Z_85mm_f_1.8_S_%2848706710723%29.jpg');
INSERT IGNORE INTO item (id, name, description, stock_quantity, status, partner_id, created_at, updated_at, category_id, sub_category_id, daily_price, thumbnail_url) VALUES (9, 'Sigma 18-35mm', '렌즈 장비 - Sigma 18-35mm', 7, 'AVAILABLE', 9, '2025-08-12 00:42:39', '2025-08-12 00:42:39', 1, 2, 31523, 'https://upload.wikimedia.org/wikipedia/commons/f/f4/Sigma_18-35mm_F1.8_DC_HSM_Art.jpg');
INSERT IGNORE INTO item (id, name, description, stock_quantity, status, partner_id, created_at, updated_at, category_id, sub_category_id, daily_price, thumbnail_url) VALUES (10, 'Tamron 70-200mm', '렌즈 장비 - Tamron 70-200mm', 3, 'AVAILABLE', 10, '2025-08-12 00:42:39', '2025-08-12 00:42:39', 1, 2, 18261, 'https://upload.wikimedia.org/wikipedia/commons/2/2b/2016_Tamron_SP_AF_70-200mm.jpg');
INSERT IGNORE INTO item (id, name, description, stock_quantity, status, partner_id, created_at, updated_at, category_id, sub_category_id, daily_price, thumbnail_url) VALUES (11, 'Manfrotto 190X', '삼각대 장비 - Manfrotto 190X', 3, 'AVAILABLE', 11, '2025-08-12 00:42:39', '2025-08-12 00:42:39', 1, 3, 19120, 'https://upload.wikimedia.org/wikipedia/commons/d/d9/Manfrotto_190XPROL_%2B_804RC2_%288641876091%29.jpg');
INSERT IGNORE INTO item (id, name, description, stock_quantity, status, partner_id, created_at, updated_at, category_id, sub_category_id, daily_price, thumbnail_url) VALUES (12, 'Benro TMA38', '삼각대 장비 - Benro TMA38', 6, 'AVAILABLE', 12, '2025-08-12 00:42:39', '2025-08-12 00:42:39', 1, 3, 43547, 'https://www.bhphotovideo.com/cdn-cgi/image/fit%3Dscale-down%2Cwidth%3D500%2Cquality%3D95/https%3A//www.bhphotovideo.com/images/images500x500/benro_tma38cl_mach3_9x_carbon_fiber_1434020884_1157821.jpg');
INSERT IGNORE INTO item (id, name, description, stock_quantity, status, partner_id, created_at, updated_at, category_id, sub_category_id, daily_price, thumbnail_url) VALUES (13, 'Gitzo Series 2', '삼각대 장비 - Gitzo Series 2', 9, 'AVAILABLE', 13, '2025-08-12 00:42:39', '2025-08-12 00:42:39', 1, 3, 48716, 'https://upload.wikimedia.org/wikipedia/commons/7/73/Gitzo_1541T_Traveler_Carbon_Fiber_Tripod_Collage_Legs.jpg');
INSERT IGNORE INTO item (id, name, description, stock_quantity, status, partner_id, created_at, updated_at, category_id, sub_category_id, daily_price, thumbnail_url) VALUES (14, 'Slik Pro 700DX', '삼각대 장비 - Slik Pro 700DX', 10, 'UNAVAILABLE', 14, '2025-08-12 00:42:39', '2025-08-12 00:42:39', 1, 3, 23685, 'https://upload.wikimedia.org/wikipedia/commons/4/4e/Slik_pro_700DX.jpg');
INSERT IGNORE INTO item (id, name, description, stock_quantity, status, partner_id, created_at, updated_at, category_id, sub_category_id, daily_price, thumbnail_url) VALUES (15, 'Joby GorillaPod', '삼각대 장비 - Joby GorillaPod', 7, 'AVAILABLE', 15, '2025-08-12 00:42:39', '2025-08-12 00:42:39', 1, 3, 23934, 'https://commons.wikimedia.org/wiki/Special:FilePath/CreativeTools.se%20-%20PackshotCreator%20-%20Joby%20Gorillapod%20%284293120980%29.jpg');
INSERT IGNORE INTO item (id, name, description, stock_quantity, status, partner_id, created_at, updated_at, category_id, sub_category_id, daily_price, thumbnail_url) VALUES (16, 'DJI Ronin-S', '짐벌 장비 - DJI Ronin-S', 7, 'AVAILABLE', 16, '2025-08-12 00:42:39', '2025-08-12 00:42:39', 1, 4, 43060, 'https://commons.wikimedia.org/wiki/Special:FilePath/Habib_Wahid_with_DJI_Ronin-S.jpg');
INSERT IGNORE INTO item (id, name, description, stock_quantity, status, partner_id, created_at, updated_at, category_id, sub_category_id, daily_price, thumbnail_url) VALUES (17, 'Zhiyun Crane 3', '짐벌 장비 - Zhiyun Crane 3', 7, 'AVAILABLE', 17, '2025-08-12 00:42:39', '2025-08-12 00:42:39', 1, 4, 35381, 'https://zhiyun-website-shenzhen.oss-cn-shenzhen.aliyuncs.com/images/20210226/1614329284967-KzepiStS.png');
INSERT IGNORE INTO item (id, name, description, stock_quantity, status, partner_id, created_at, updated_at, category_id, sub_category_id, daily_price, thumbnail_url) VALUES (18, 'Moza AirCross 2', '짐벌 장비 - Moza AirCross 2', 7, 'AVAILABLE', 18, '2025-08-12 00:42:39', '2025-08-12 00:42:39', 1, 4, 33162, 'https://sc04.alicdn.com/kf/Ha3b1830154e94358a0ec4ad13db60978y.jpg');
INSERT IGNORE INTO item (id, name, description, stock_quantity, status, partner_id, created_at, updated_at, category_id, sub_category_id, daily_price, thumbnail_url) VALUES (19, 'FeiyuTech AK2000', '짐벌 장비 - FeiyuTech AK2000', 3, 'AVAILABLE', 19, '2025-08-12 00:42:39', '2025-08-12 00:42:39', 1, 4, 44751, 'https://manuals.plus/wp-content/uploads/2024/02/FEIYUTECH-AK2000-3-Axis-Stabilized-Handheld-Gimbal-Camera-Featured-Image.jpg');
INSERT IGNORE INTO item (id, name, description, stock_quantity, status, partner_id, created_at, updated_at, category_id, sub_category_id, daily_price, thumbnail_url) VALUES (20, 'DJI RS 3', '짐벌 장비 - DJI RS 3', 9, 'AVAILABLE', 1, '2025-08-12 00:42:39', '2025-08-12 00:42:39', 1, 4, 22164, 'https://m.imdron.com/web/product/big/202206/3ebb1a5fb8ec37837a2d69cadd116b4b.png');
INSERT IGNORE INTO item (id, name, description, stock_quantity, status, partner_id, created_at, updated_at, category_id, sub_category_id, daily_price, thumbnail_url) VALUES (21, 'Godox SL60W', '조명 장비 - Godox SL60W', 10, 'AVAILABLE', 2, '2025-08-12 00:42:39', '2025-08-12 00:42:39', 1, 5, 5347, 'https://m.2nsolu.co.kr/web/product/big/202301/7ed3302285cf7db6b64f3f32a9887234.jpg');
INSERT IGNORE INTO item (id, name, description, stock_quantity, status, partner_id, created_at, updated_at, category_id, sub_category_id, daily_price, thumbnail_url) VALUES (22, 'Aputure Amaran 200d', '조명 장비 - Aputure Amaran 200d', 4, 'AVAILABLE', 3, '2025-08-12 00:42:39', '2025-08-12 00:42:39', 1, 5, 9065, 'https://cdn.imweb.me/thumbnail/20220706/ca7adc85c0b97.png');
INSERT IGNORE INTO item (id, name, description, stock_quantity, status, partner_id, created_at, updated_at, category_id, sub_category_id, daily_price, thumbnail_url) VALUES (23, 'Nanlite Forza 60', '조명 장비 - Nanlite Forza 60', 4, 'AVAILABLE', 4, '2025-08-12 00:42:39', '2025-08-12 00:42:39', 1, 5, 31717, 'https://m.auroramall.co.kr/data/goods/1/2020/05/686_tmp_ab2028d58446ce65a08d2f42646b283d7060view.jpg');
INSERT IGNORE INTO item (id, name, description, stock_quantity, status, partner_id, created_at, updated_at, category_id, sub_category_id, daily_price, thumbnail_url) VALUES (24, 'Yongnuo YN300', '조명 장비 - Yongnuo YN300', 8, 'AVAILABLE', 5, '2025-08-12 00:42:39', '2025-08-12 00:42:39', 1, 5, 15606, 'https://ueeshop.ly200-cdn.com/u_file/UPAU/UPAU946/2204/26/products/300IV-09-e848.jpg?x-oss-process=image/format,webp/quality,q_100/resize,m_lfit,h_800,w_800');
INSERT IGNORE INTO item (id, name, description, stock_quantity, status, partner_id, created_at, updated_at, category_id, sub_category_id, daily_price, thumbnail_url) VALUES (25, 'Neewer 660 LED', '조명 장비 - Neewer 660 LED', 8, 'AVAILABLE', 6, '2025-08-12 00:42:39', '2025-08-12 00:42:39', 1, 5, 36747, 'https://m.media-amazon.com/images/I/71DZvCEIFOL.jpg');
INSERT IGNORE INTO item (id, name, description, stock_quantity, status, partner_id, created_at, updated_at, category_id, sub_category_id, daily_price, thumbnail_url) VALUES (26, 'Rode Wireless GO', '마이크 장비 - Rode Wireless GO', 5, 'AVAILABLE', 7, '2025-08-12 00:42:39', '2025-08-12 00:42:39', 1, 6, 9723, 'https://edge.rode.com/images/page/90/modules/429/WIGO-2-RX-Feature-1200px.jpg');
INSERT IGNORE INTO item (id, name, description, stock_quantity, status, partner_id, created_at, updated_at, category_id, sub_category_id, daily_price, thumbnail_url) VALUES (27, 'Sennheiser MKE 600', '마이크 장비 - Sennheiser MKE 600', 10, 'AVAILABLE', 8, '2025-08-12 00:42:39', '2025-08-12 00:42:39', 1, 6, 48724, 'https://www.sennheiser.com/globalassets/digizuite/44743-en-priority_products_campaign_mke_600_01.jpg');
INSERT IGNORE INTO item (id, name, description, stock_quantity, status, partner_id, created_at, updated_at, category_id, sub_category_id, daily_price, thumbnail_url) VALUES (28, 'Shure VP83', '마이크 장비 - Shure VP83', 5, 'AVAILABLE', 9, '2025-08-12 00:42:39', '2025-08-12 00:42:39', 1, 6, 26214, 'https://samastore.co.kr/web/product/big/202112/a8d52478ff1a4803f23e0115fe01d91a.jpg');
INSERT IGNORE INTO item (id, name, description, stock_quantity, status, partner_id, created_at, updated_at, category_id, sub_category_id, daily_price, thumbnail_url) VALUES (29, 'Sony ECM-B1M', '마이크 장비 - Sony ECM-B1M', 3, 'AVAILABLE', 10, '2025-08-12 00:42:39', '2025-08-12 00:42:39', 1, 6, 19492, 'https://media.cameracanada.com/productimage2020/Sony/ECMB1M_Digital_Shotgun_Mic.jpg');
INSERT IGNORE INTO item (id, name, description, stock_quantity, status, partner_id, created_at, updated_at, category_id, sub_category_id, daily_price, thumbnail_url) VALUES (30, 'Deity V-Mic D3 Pro', '마이크 장비 - Deity V-Mic D3 Pro', 4, 'AVAILABLE', 11, '2025-08-12 00:42:39', '2025-08-12 00:42:39', 1, 6, 21837, 'https://mozdigital.co.kr/web/product/big/202102/960fc71749950aa4d22ec84ccf65b3d8.jpg');
INSERT IGNORE INTO item (id, name, description, stock_quantity, status, partner_id, created_at, updated_at, category_id, sub_category_id, daily_price, thumbnail_url) VALUES (31, 'DJI Mavic Air 2', '드론 장비 - DJI Mavic Air 2', 7, 'AVAILABLE', 12, '2025-08-12 00:42:39', '2025-08-12 00:42:39', 1, 7, 42843, 'https://commons.wikimedia.org/wiki/Special:FilePath/DJI%20-%20Drohne%20Mavic%20Air%202.JPG');
INSERT IGNORE INTO item (id, name, description, stock_quantity, status, partner_id, created_at, updated_at, category_id, sub_category_id, daily_price, thumbnail_url) VALUES (32, 'DJI Mini 3 Pro', '드론 장비 - DJI Mini 3 Pro', 6, 'AVAILABLE', 13, '2025-08-12 00:42:39', '2025-08-12 00:42:39', 1, 7, 9470, 'https://commons.wikimedia.org/wiki/Special:FilePath/Drone%20dji%20mini%203%20pro.jpg');
INSERT IGNORE INTO item (id, name, description, stock_quantity, status, partner_id, created_at, updated_at, category_id, sub_category_id, daily_price, thumbnail_url) VALUES (33, 'DJI Phantom 4 Pro', '드론 장비 - DJI Phantom 4 Pro', 10, 'AVAILABLE', 14, '2025-08-12 00:42:39', '2025-08-12 00:42:39', 1, 7, 34103, 'https://commons.wikimedia.org/wiki/Special:FilePath/DJI%20Phantom%204%20Pro%20-%2004.jpg');
INSERT IGNORE INTO item (id, name, description, stock_quantity, status, partner_id, created_at, updated_at, category_id, sub_category_id, daily_price, thumbnail_url) VALUES (34, 'Autel Evo II', '드론 장비 - Autel Evo II', 10, 'AVAILABLE', 15, '2025-08-12 00:42:39', '2025-08-12 00:42:39', 1, 7, 43501, 'https://commons.wikimedia.org/wiki/Special:FilePath/Autel%20EVO%20II%20Pro%20V3%20%28FA3XWRMFNT%29%20%282-2-2024%29.jpg');
INSERT IGNORE INTO item (id, name, description, stock_quantity, status, partner_id, created_at, updated_at, category_id, sub_category_id, daily_price, thumbnail_url) VALUES (35, 'Parrot Anafi', '드론 장비 - Parrot Anafi', 8, 'UNAVAILABLE', 16, '2025-08-12 00:42:39', '2025-08-12 00:42:39', 1, 7, 37917, 'https://commons.wikimedia.org/wiki/Special:FilePath/Parrot%20Anafi.jpg');
INSERT IGNORE INTO item (id, name, description, stock_quantity, status, partner_id, created_at, updated_at, category_id, sub_category_id, daily_price, thumbnail_url) VALUES (36, 'Zoom H5', '오디오 레코더 장비 - Zoom H5', 7, 'AVAILABLE', 17, '2025-08-12 00:42:39', '2025-08-12 00:42:39', 1, 8, 23304, 'https://commons.wikimedia.org/wiki/Special:FilePath/Zoom%20H5.jpg');
INSERT IGNORE INTO item (id, name, description, stock_quantity, status, partner_id, created_at, updated_at, category_id, sub_category_id, daily_price, thumbnail_url) VALUES (37, 'Tascam DR-40X', '오디오 레코더 장비 - Tascam DR-40X', 7, 'AVAILABLE', 18, '2025-08-12 00:42:39', '2025-08-12 00:42:39', 1, 8, 43276, 'https://tascam.jp/images/products/_tmp/main_img/tascam/dr-40x_sub_upright.jpg');
INSERT IGNORE INTO item (id, name, description, stock_quantity, status, partner_id, created_at, updated_at, category_id, sub_category_id, daily_price, thumbnail_url) VALUES (38, 'Sony PCM-A10', '오디오 레코더 장비 - Sony PCM-A10', 10, 'AVAILABLE', 19, '2025-08-12 00:42:39', '2025-08-12 00:42:39', 1, 8, 9526, 'https://www.hkmd.kr/data/photos/20181145/art_15415506907346_aad231.jpg');
INSERT IGNORE INTO item (id, name, description, stock_quantity, status, partner_id, created_at, updated_at, category_id, sub_category_id, daily_price, thumbnail_url) VALUES (39, 'Zoom H1n', '오디오 레코더 장비 - Zoom H1n', 7, 'AVAILABLE', 1, '2025-08-12 00:42:39', '2025-08-12 00:42:39', 1, 8, 11904, 'https://zoomcorp.com/media/original_images/H1n_slant01_wShadow.png.768x0_q60.png');
INSERT IGNORE INTO item (id, name, description, stock_quantity, status, partner_id, created_at, updated_at, category_id, sub_category_id, daily_price, thumbnail_url) VALUES (40, 'Roland R-07', '오디오 레코더 장비 - Roland R-07', 8, 'AVAILABLE', 2, '2025-08-12 00:42:39', '2025-08-12 00:42:39', 1, 8, 15554, 'https://www.cosmosmusic.com/data/goods/201806/27131418large.jpg');
INSERT IGNORE INTO item (id, name, description, stock_quantity, status, partner_id, created_at, updated_at, category_id, sub_category_id, daily_price, thumbnail_url) VALUES (41, 'Feelworld F6 Plus', '모니터 장비 - Feelworld F6 Plus', 4, 'AVAILABLE', 3, '2025-08-12 00:42:39', '2025-08-12 00:42:39', 1, 9, 33753, 'https://m.media-amazon.com/images/I/61ksulqzjKL._UF1000,1000_QL80_.jpg');
INSERT IGNORE INTO item (id, name, description, stock_quantity, status, partner_id, created_at, updated_at, category_id, sub_category_id, daily_price, thumbnail_url) VALUES (42, 'Atomos Ninja V', '모니터 장비 - Atomos Ninja V', 5, 'AVAILABLE', 4, '2025-08-12 00:42:39', '2025-08-12 00:42:39', 1, 9, 30219, 'https://manuals.plus/wp-content/uploads/2021/10/ATOMOS-NINJA-V-Featured-image.jpg');
INSERT IGNORE INTO item (id, name, description, stock_quantity, status, partner_id, created_at, updated_at, category_id, sub_category_id, daily_price, thumbnail_url) VALUES (43, 'Blackmagic Video Assist', '모니터 장비 - Blackmagic Video Assist', 6, 'AVAILABLE', 5, '2025-08-12 00:42:39', '2025-08-12 00:42:39', 1, 9, 34193, 'https://www.adorama.com/images/Large/BMVIDASSI12G_5.jpg');
INSERT IGNORE INTO item (id, name, description, stock_quantity, status, partner_id, created_at, updated_at, category_id, sub_category_id, daily_price, thumbnail_url) VALUES (44, 'Lilliput A7s', '모니터 장비 - Lilliput A7s', 9, 'UNAVAILABLE', 6, '2025-08-12 00:42:39', '2025-08-12 00:42:39', 1, 9, 40773, 'https://mm.digikey.com/Volume0/opasdata/d220001/medias/images/2971/MFG_A7S.jpg');
INSERT IGNORE INTO item (id, name, description, stock_quantity, status, partner_id, created_at, updated_at, category_id, sub_category_id, daily_price, thumbnail_url) VALUES (45, 'Desview R6', '모니터 장비 - Desview R6', 10, 'AVAILABLE', 7, '2025-08-12 00:42:39', '2025-08-12 00:42:39', 1, 9, 41199, 'https://m.media-amazon.com/images/I/711KCls37zL._UF894,1000_QL80_.jpg');
INSERT IGNORE INTO item (id, name, description, stock_quantity, status, partner_id, created_at, updated_at, category_id, sub_category_id, daily_price, thumbnail_url) VALUES (46, '콜맨 4인용 텐트', '텐트 장비 - 콜맨 4인용 텐트', 9, 'AVAILABLE', 8, '2025-08-12 00:42:39', '2025-08-12 00:42:39', 2, 10, 27088, 'https://sitem.ssgcdn.com/05/99/88/item/1000574889905_i1_750.jpg');
INSERT IGNORE INTO item (id, name, description, stock_quantity, status, partner_id, created_at, updated_at, category_id, sub_category_id, daily_price, thumbnail_url) VALUES (47, '스노우피크 리빙쉘', '텐트 장비 - 스노우피크 리빙쉘', 8, 'AVAILABLE', 9, '2025-08-12 00:42:39', '2025-08-12 00:42:39', 2, 10, 26368, 'https://www.snowpeak.co.kr/itemimg/goods/B2_3888.jpg');
INSERT IGNORE INTO item (id, name, description, stock_quantity, status, partner_id, created_at, updated_at, category_id, sub_category_id, daily_price, thumbnail_url) VALUES (48, '캠프타운 팝업텐트', '텐트 장비 - 캠프타운 팝업텐트', 5, 'UNAVAILABLE', 10, '2025-08-12 00:42:39', '2025-08-12 00:42:39', 2, 10, 27710, 'https://thumbnail7.coupangcdn.com/thumbnails/remote/492x492ex/image/vendor_inventory/a0bf/9f7f3d7873f865988cfa10c440fb8751cb54202b7ae32ada68b5a8667f4d.jpg');
INSERT IGNORE INTO item (id, name, description, stock_quantity, status, partner_id, created_at, updated_at, category_id, sub_category_id, daily_price, thumbnail_url) VALUES (49, '헬리녹스 텐트', '텐트 장비 - 헬리녹스 텐트', 5, 'AVAILABLE', 11, '2025-08-12 00:42:39', '2025-08-12 00:42:39', 2, 10, 18503, 'https://sitem.ssgcdn.com/95/21/28/item/1000586282195_i1_750.jpg');
INSERT IGNORE INTO item (id, name, description, stock_quantity, status, partner_id, created_at, updated_at, category_id, sub_category_id, daily_price, thumbnail_url) VALUES (50, 'K2 패밀리 텐트', '텐트 장비 - K2 패밀리 텐트', 6, 'AVAILABLE', 12, '2025-08-12 00:42:39', '2025-08-12 00:42:39', 2, 10, 22514, 'https://sitem.ssgcdn.com/65/30/57/item/1000541573065_i1_370.jpg');
INSERT IGNORE INTO item (id, name, description, stock_quantity, status, partner_id, created_at, updated_at, category_id, sub_category_id, daily_price, thumbnail_url) VALUES (51, '헬리녹스 체어원', '캠핑의자/테이블 장비 - 헬리녹스 체어원', 10, 'AVAILABLE', 13, '2025-08-12 00:42:39', '2025-08-12 00:42:39', 2, 11, 20279, 'https://timbertr1401.cdn-nhncommerce.com/data/goods/23/02/08/2153/2153_magnify_07.jpg');
INSERT IGNORE INTO item (id, name, description, stock_quantity, status, partner_id, created_at, updated_at, category_id, sub_category_id, daily_price, thumbnail_url) VALUES (52, '콜맨 폴딩체어', '캠핑의자/테이블 장비 - 콜맨 폴딩체어', 3, 'AVAILABLE', 14, '2025-08-12 00:42:39', '2025-08-12 00:42:39', 2, 11, 48329, 'https://images.kolonmall.com/Prod_Img/10003512/2021/LM1/K1689146738077094GR01_LM1.jpg');
INSERT IGNORE INTO item (id, name, description, stock_quantity, status, partner_id, created_at, updated_at, category_id, sub_category_id, daily_price, thumbnail_url) VALUES (53, '스노우라인 테이블', '캠핑의자/테이블 장비 - 스노우라인 테이블', 7, 'AVAILABLE', 15, '2025-08-12 00:42:39', '2025-08-12 00:42:39', 2, 11, 44634, 'https://thecamt.com/web/product/big/202506/40e79bd8470da34c9ff20b18f000064b.jpg');
INSERT IGNORE INTO item (id, name, description, stock_quantity, status, partner_id, created_at, updated_at, category_id, sub_category_id, daily_price, thumbnail_url) VALUES (54, '캠프밸리 체어', '캠핑의자/테이블 장비 - 캠프밸리 체어', 5, 'AVAILABLE', 16, '2025-08-12 00:42:39', '2025-08-12 00:42:39', 2, 11, 49963, 'https://cafe24.poxo.com/ec01/camp0319/6d1lNM5QtO+rBkf6Tc60KohEWk6fOb7HF1HxKJz0LVZ2WFEPo9x5+Hvd+a1EDrvDAsdpmxfRSVVCf9AyWu5dpA==/_/web/product/big/201808/338a8fe20e0cba8804713d9eb295b187.jpg');
INSERT IGNORE INTO item (id, name, description, stock_quantity, status, partner_id, created_at, updated_at, category_id, sub_category_id, daily_price, thumbnail_url) VALUES (55, '도이터 캠핑테이블', '캠핑의자/테이블 장비 - 도이터 캠핑테이블', 8, 'AVAILABLE', 17, '2025-08-12 00:42:39', '2025-08-12 00:42:39', 2, 11, 8981, 'https://sitem.ssgcdn.com/01/16/72/item/1000560721601_i1_332.jpg');
INSERT IGNORE INTO item (id, name, description, stock_quantity, status, partner_id, created_at, updated_at, category_id, sub_category_id, daily_price, thumbnail_url) VALUES (56, 'K2 다운침낭', '침낭/매트 장비 - K2 다운침낭', 6, 'AVAILABLE', 18, '2025-08-12 00:42:39', '2025-08-12 00:42:39', 2, 12, 19699, 'https://media-api-theres.theres.co/static/image/1705247577516/oW08E5Gh5JKZEhYupYqO/DOEJQPe8wZvP5kpWA5w8.PNG');
INSERT IGNORE INTO item (id, name, description, stock_quantity, status, partner_id, created_at, updated_at, category_id, sub_category_id, daily_price, thumbnail_url) VALUES (57, '몽벨 침낭', '침낭/매트 장비 - 몽벨 침낭', 9, 'AVAILABLE', 19, '2025-08-12 00:42:39', '2025-08-12 00:42:39', 2, 12, 26869, 'https://cafe24.poxo.com/ec01/luv4tionu/FXzoLQGLE/YAVbf0MOeZQUeBfuNaH6xfOdPsWD39V4qk8pPY7LokXk7zeQQJGwRflJxV4iiKZeVB/Cq8sr5kGA==/_/web/product/big/201609/627_shop1_669815.jpg');
INSERT IGNORE INTO item (id, name, description, stock_quantity, status, partner_id, created_at, updated_at, category_id, sub_category_id, daily_price, thumbnail_url) VALUES (58, '스노우라인 에어매트', '침낭/매트 장비 - 스노우라인 에어매트', 5, 'AVAILABLE', 1, '2025-08-12 00:42:39', '2025-08-12 00:42:39', 2, 12, 15402, 'https://m.ibestmall.co.kr/web/product/big/20200608/53fbffae3cbb66b5369a2b6fbaf45877.jpg');
INSERT IGNORE INTO item (id, name, description, stock_quantity, status, partner_id, created_at, updated_at, category_id, sub_category_id, daily_price, thumbnail_url) VALUES (59, '네이처하이크 매트', '침낭/매트 장비 - 네이처하이크 매트', 9, 'UNAVAILABLE', 2, '2025-08-12 00:42:39', '2025-08-12 00:42:39', 2, 12, 37038, 'https://www.campingpapa.co.kr/shop/data/goods/1730092590535l0.jpg');
INSERT IGNORE INTO item (id, name, description, stock_quantity, status, partner_id, created_at, updated_at, category_id, sub_category_id, daily_price, thumbnail_url) VALUES (60, '콜맨 플리스침낭', '침낭/매트 장비 - 콜맨 플리스침낭', 3, 'AVAILABLE', 3, '2025-08-12 00:42:39', '2025-08-12 00:42:39', 2, 12, 46070, 'https://images-na.ssl-images-amazon.com/images/I/31FhVgBvpuL._UL1200_.jpg');
INSERT IGNORE INTO item (id, name, description, stock_quantity, status, partner_id, created_at, updated_at, category_id, sub_category_id, daily_price, thumbnail_url) VALUES (61, '코베아 가스버너', '버너/그릴 장비 - 코베아 가스버너', 3, 'AVAILABLE', 4, '2025-08-12 00:42:39', '2025-08-12 00:42:39', 2, 13, 5039, 'https://www.campingpapa.co.kr/shop/data/goods/1657955906525l4.jpg');
INSERT IGNORE INTO item (id, name, description, stock_quantity, status, partner_id, created_at, updated_at, category_id, sub_category_id, daily_price, thumbnail_url) VALUES (62, '스노우피크 그릴', '버너/그릴 장비 - 스노우피크 그릴', 10, 'AVAILABLE', 5, '2025-08-12 00:42:39', '2025-08-12 00:42:39', 2, 13, 21257, 'https://cafe24.poxo.com/ec01/campinglist/65uN764GExGfUPmYExKJkpWMmWhDBEy02LuIJejjIj6ZUC8Ss93emR6ZQiBr8z6qZHygHFv7h7diRHg9apr2SQ==/_/web/product/big/202307/f20c26140c05a61338f9b29e02d8c7d6.jpg');
INSERT IGNORE INTO item (id, name, description, stock_quantity, status, partner_id, created_at, updated_at, category_id, sub_category_id, daily_price, thumbnail_url) VALUES (63, '콜맨 가스버너', '버너/그릴 장비 - 콜맨 가스버너', 5, 'AVAILABLE', 6, '2025-08-12 00:42:39', '2025-08-12 00:42:39', 2, 13, 6247, 'https://thumbnail7.coupangcdn.com/thumbnails/remote/492x492ex/image/vendor_inventory/e43b/3d890c0aa1d7913305b29647c5b42d343b133378b8dfbcad8816e3648e25.png');
INSERT IGNORE INTO item (id, name, description, stock_quantity, status, partner_id, created_at, updated_at, category_id, sub_category_id, daily_price, thumbnail_url) VALUES (64, '캠핑문 화로대', '버너/그릴 장비 - 캠핑문 화로대', 6, 'AVAILABLE', 7, '2025-08-12 00:42:39', '2025-08-12 00:42:39', 2, 13, 35608, 'https://cafe24.poxo.com/ec01/llue89/Xeym8gXyw/uNs04t9Tz1DhsKKG4Fo2WwUInLH4EcdRdFEnqURA70gvVjOUqXysvqv/BNJdXVKMdkNuYll/sqjg==/_/web/product/medium/llue89_2018.jpg');
INSERT IGNORE INTO item (id, name, description, stock_quantity, status, partner_id, created_at, updated_at, category_id, sub_category_id, daily_price, thumbnail_url) VALUES (65, '로티캠프 버너', '버너/그릴 장비 - 로티캠프 버너', 3, 'AVAILABLE', 8, '2025-08-12 00:42:39', '2025-08-12 00:42:39', 2, 13, 17109, 'https://thumbnail1.coupangcdn.com/thumbnails/remote/700x700ex/image/retail/images/45802798928522-69f3f6a4-4252-42ba-b3f2-5ec7026e5d62.jpg');
INSERT IGNORE INTO item (id, name, description, stock_quantity, status, partner_id, created_at, updated_at, category_id, sub_category_id, daily_price, thumbnail_url) VALUES (66, '콜맨 쿨러박스', '전기쿨러 장비 - 콜맨 쿨러박스', 7, 'AVAILABLE', 9, '2025-08-12 00:42:39', '2025-08-12 00:42:39', 2, 14, 18602, 'https://sitem.ssgcdn.com/34/44/06/item/1000043064434_i1_750.jpg');
INSERT IGNORE INTO item (id, name, description, stock_quantity, status, partner_id, created_at, updated_at, category_id, sub_category_id, daily_price, thumbnail_url) VALUES (67, '이지쿨 전기쿨러', '전기쿨러 장비 - 이지쿨 전기쿨러', 3, 'AVAILABLE', 10, '2025-08-12 00:42:39', '2025-08-12 00:42:39', 2, 14, 20530, 'https://sitem.ssgcdn.com/28/88/73/item/1000601738828_i1_336.jpg');
INSERT IGNORE INTO item (id, name, description, stock_quantity, status, partner_id, created_at, updated_at, category_id, sub_category_id, daily_price, thumbnail_url) VALUES (68, '로티캠프 아이스박스', '전기쿨러 장비 - 로티캠프 아이스박스', 9, 'AVAILABLE', 11, '2025-08-12 00:42:39', '2025-08-12 00:42:39', 2, 14, 13813, 'https://image.hnsmall.com/images/goods/651/33069651_ag.jpg');
INSERT IGNORE INTO item (id, name, description, stock_quantity, status, partner_id, created_at, updated_at, category_id, sub_category_id, daily_price, thumbnail_url) VALUES (69, '스탠리 전기 쿨러', '전기쿨러 장비 - 스탠리 전기 쿨러', 4, 'AVAILABLE', 12, '2025-08-12 00:42:39', '2025-08-12 00:42:39', 2, 14, 18167, 'https://salomonkorea.godohosting.com/camping/outdoor%20sanha/stcb002/002.jpg');
INSERT IGNORE INTO item (id, name, description, stock_quantity, status, partner_id, created_at, updated_at, category_id, sub_category_id, daily_price, thumbnail_url) VALUES (70, '캠프라인 쿨러', '전기쿨러 장비 - 캠프라인 쿨러', 7, 'AVAILABLE', 13, '2025-08-12 00:42:39', '2025-08-12 00:42:39', 2, 14, 45837, 'https://contents.kyobobook.co.kr/sih/fit-in/400x0/gift/pdt/1930/hot1719907311218.jpg');
INSERT IGNORE INTO item (id, name, description, stock_quantity, status, partner_id, created_at, updated_at, category_id, sub_category_id, daily_price, thumbnail_url) VALUES (71, '코베아 LED 랜턴', '랜턴 장비 - 코베아 LED 랜턴', 6, 'AVAILABLE', 14, '2025-08-12 00:42:39', '2025-08-12 00:42:39', 2, 15, 27705, 'https://m.toolsfarm.co.kr/data/goods/201806/19185232large.jpg');
INSERT IGNORE INTO item (id, name, description, stock_quantity, status, partner_id, created_at, updated_at, category_id, sub_category_id, daily_price, thumbnail_url) VALUES (72, '스노우라인 가스랜턴', '랜턴 장비 - 스노우라인 가스랜턴', 9, 'AVAILABLE', 15, '2025-08-12 00:42:39', '2025-08-12 00:42:39', 2, 15, 26110, 'https://3p-image.kurly.com/hdims/resize/%5E%3E720x%3E936/cropcenter/720x936/quality/85/src/files/20240103/283514c6-ff71-49ae-b5e3-d0bf77c0b8a6.jpg');
INSERT IGNORE INTO item (id, name, description, stock_quantity, status, partner_id, created_at, updated_at, category_id, sub_category_id, daily_price, thumbnail_url) VALUES (73, '헬리녹스 랜턴', '랜턴 장비 - 헬리녹스 랜턴', 9, 'AVAILABLE', 16, '2025-08-12 00:42:39', '2025-08-12 00:42:39', 2, 15, 19406, 'https://bonanzamart.co.kr/web/product/big/202502/3d2cbff8ac164bd6b1644d5a89e23f40.jpg');
INSERT IGNORE INTO item (id, name, description, stock_quantity, status, partner_id, created_at, updated_at, category_id, sub_category_id, daily_price, thumbnail_url) VALUES (74, '콜맨 듀얼 LED', '랜턴 장비 - 콜맨 듀얼 LED', 8, 'AVAILABLE', 17, '2025-08-12 00:42:39', '2025-08-12 00:42:39', 2, 15, 44791, 'https://m.media-amazon.com/images/I/41KVmE7qaHL._AC_.jpg');
INSERT IGNORE INTO item (id, name, description, stock_quantity, status, partner_id, created_at, updated_at, category_id, sub_category_id, daily_price, thumbnail_url) VALUES (75, '버팔로 감성랜턴', '랜턴 장비 - 버팔로 감성랜턴', 9, 'UNAVAILABLE', 18, '2025-08-12 00:42:39', '2025-08-12 00:42:39', 2, 15, 17340, 'https://sitem.ssgcdn.com/87/72/03/item/1000688037287_i1_370.jpg');
INSERT IGNORE INTO item (id, name, description, stock_quantity, status, partner_id, created_at, updated_at, category_id, sub_category_id, daily_price, thumbnail_url) VALUES (76, '아이리스 수납박스', '캠핑박스 장비 - 아이리스 수납박스', 10, 'AVAILABLE', 19, '2025-08-12 00:42:39', '2025-08-12 00:42:39', 2, 16, 42568, 'https://www.costco.co.kr/medias/sys_master/images/h03/h9f/45522052055070.jpg');
INSERT IGNORE INTO item (id, name, description, stock_quantity, status, partner_id, created_at, updated_at, category_id, sub_category_id, daily_price, thumbnail_url) VALUES (77, '스노우라인 박스테이블', '캠핑박스 장비 - 스노우라인 박스테이블', 6, 'AVAILABLE', 1, '2025-08-12 00:42:39', '2025-08-12 00:42:39', 2, 16, 19137, 'https://sitem.ssgcdn.com/76/16/81/item/1000556811676_i1_750.jpg');
INSERT IGNORE INTO item (id, name, description, stock_quantity, status, partner_id, created_at, updated_at, category_id, sub_category_id, daily_price, thumbnail_url) VALUES (78, '코베아 캠핑박스', '캠핑박스 장비 - 코베아 캠핑박스', 6, 'AVAILABLE', 2, '2025-08-12 00:42:39', '2025-08-12 00:42:39', 2, 16, 22932, 'https://sitem.ssgcdn.com/17/38/90/item/1000360903817_i1_750.jpg');
INSERT IGNORE INTO item (id, name, description, stock_quantity, status, partner_id, created_at, updated_at, category_id, sub_category_id, daily_price, thumbnail_url) VALUES (79, '도이터 정리함', '캠핑박스 장비 - 도이터 정리함', 3, 'AVAILABLE', 3, '2025-08-12 00:42:39', '2025-08-12 00:42:39', 2, 16, 16589, 'https://thumbnail9.coupangcdn.com/thumbnails/remote/230x230ex/image/vendor_inventory/bcd1/a841ba73f56e6149818d83e29b67004ff5caaa3a0d14595369f33f1b6e76.jpg');
INSERT IGNORE INTO item (id, name, description, stock_quantity, status, partner_id, created_at, updated_at, category_id, sub_category_id, daily_price, thumbnail_url) VALUES (80, '네이처하이크 박스', '캠핑박스 장비 - 네이처하이크 박스', 3, 'AVAILABLE', 4, '2025-08-12 00:42:39', '2025-08-12 00:42:39', 2, 16, 25475, 'https://sitem.ssgcdn.com/99/29/90/item/1000686902999_i1_336.jpg');
INSERT IGNORE INTO item (id, name, description, stock_quantity, status, partner_id, created_at, updated_at, category_id, sub_category_id, daily_price, thumbnail_url) VALUES (81, '스노우피크 주방세트', '야외조리도구 장비 - 스노우피크 주방세트', 9, 'AVAILABLE', 5, '2025-08-12 00:42:39', '2025-08-12 00:42:39', 2, 17, 8898, 'https://thumbnail7.coupangcdn.com/thumbnails/remote/492x492ex/image/vendor_inventory/bb93/e9599f89a87ff8d993b2e3a5e9b9269193746d7b1cad55fac96fd76ec70f.jpg');
INSERT IGNORE INTO item (id, name, description, stock_quantity, status, partner_id, created_at, updated_at, category_id, sub_category_id, daily_price, thumbnail_url) VALUES (82, '콜맨 조리도구세트', '야외조리도구 장비 - 콜맨 조리도구세트', 10, 'AVAILABLE', 6, '2025-08-12 00:42:39', '2025-08-12 00:42:39', 2, 17, 45906, 'https://m.media-amazon.com/images/I/71xkzyeYS4L.jpg');
INSERT IGNORE INTO item (id, name, description, stock_quantity, status, partner_id, created_at, updated_at, category_id, sub_category_id, daily_price, thumbnail_url) VALUES (83, '헬리녹스 키친툴', '야외조리도구 장비 - 헬리녹스 키친툴', 5, 'AVAILABLE', 7, '2025-08-12 00:42:39', '2025-08-12 00:42:39', 2, 17, 48547, 'https://ilcamp.co.kr/web/product/big/202312/968b47c078e739be4b09b95fb8046c51.jpg');
INSERT IGNORE INTO item (id, name, description, stock_quantity, status, partner_id, created_at, updated_at, category_id, sub_category_id, daily_price, thumbnail_url) VALUES (84, '코베아 프라이팬세트', '야외조리도구 장비 - 코베아 프라이팬세트', 4, 'UNAVAILABLE', 8, '2025-08-12 00:42:39', '2025-08-12 00:42:39', 2, 17, 27476, 'https://thumbnail7.coupangcdn.com/thumbnails/remote/492x492ex/image/vendor_inventory/169b/91563b1d0ed83894c22df9ec986898f9bd5b49435be4c2d064c532b01fba.jpg');
INSERT IGNORE INTO item (id, name, description, stock_quantity, status, partner_id, created_at, updated_at, category_id, sub_category_id, daily_price, thumbnail_url) VALUES (85, '도이터 키친세트', '야외조리도구 장비 - 도이터 키친세트', 9, 'UNAVAILABLE', 9, '2025-08-12 00:42:39', '2025-08-12 00:42:39', 2, 17, 49292, 'https://img2.joongna.com/media/original/2020/04/27/1587995578170Za4_2FJ4k.jpg');
INSERT IGNORE INTO item (id, name, description, stock_quantity, status, partner_id, created_at, updated_at, category_id, sub_category_id, daily_price, thumbnail_url) VALUES (86, 'JBL EON610', '음향 시스템 장비 - JBL EON610', 3, 'AVAILABLE', 10, '2025-08-12 00:42:39', '2025-08-12 00:42:39', 3, 18, 7776, 'https://cafe24.poxo.com/ec01/aproadmin/rLdnJgdhzik6Q55NEgSPoUCzanVCHYzJtTFJ+S8AgDXjstTmOYgROT+QoFTUsWh6E+6DLSGetvo7XAcAhRGFig==/_/web/product/big/201904/f04075c8dd967e76280d77d69db295e1.jpg');
INSERT IGNORE INTO item (id, name, description, stock_quantity, status, partner_id, created_at, updated_at, category_id, sub_category_id, daily_price, thumbnail_url) VALUES (87, 'BOSE L1 Compact', '음향 시스템 장비 - BOSE L1 Compact', 9, 'AVAILABLE', 11, '2025-08-12 00:42:39', '2025-08-12 00:42:39', 3, 18, 13998, 'https://m.world-mall.co.kr/web/product/big/201909/fad9bd946835dea3f26476724eaae666.jpg');
INSERT IGNORE INTO item (id, name, description, stock_quantity, status, partner_id, created_at, updated_at, category_id, sub_category_id, daily_price, thumbnail_url) VALUES (88, 'Yamaha Stagepas 400BT', '음향 시스템 장비 - Yamaha Stagepas 400BT', 8, 'AVAILABLE', 12, '2025-08-12 00:42:39', '2025-08-12 00:42:39', 3, 18, 5893, 'https://firstmusic.co.kr/web/product/extra/big/202009/c8d8665273d771bb2473d1d5eeea0449.jpg');
INSERT IGNORE INTO item (id, name, description, stock_quantity, status, partner_id, created_at, updated_at, category_id, sub_category_id, daily_price, thumbnail_url) VALUES (89, 'RCF ART 710A', '음향 시스템 장비 - RCF ART 710A', 4, 'AVAILABLE', 13, '2025-08-12 00:42:39', '2025-08-12 00:42:39', 3, 18, 6968, 'https://i.ebayimg.com/images/g/MMsAAOSwP65kKykX/s-l1200.jpg');
INSERT IGNORE INTO item (id, name, description, stock_quantity, status, partner_id, created_at, updated_at, category_id, sub_category_id, daily_price, thumbnail_url) VALUES (90, 'Mackie Thump 12', '음향 시스템 장비 - Mackie Thump 12', 7, 'AVAILABLE', 14, '2025-08-12 00:42:39', '2025-08-12 00:42:39', 3, 18, 13077, 'https://m.mediafirst.co.kr/web/product/extra/big/201901/878841bd40e361d1fa354792f05a0b64.jpg');
INSERT IGNORE INTO item (id, name, description, stock_quantity, status, partner_id, created_at, updated_at, category_id, sub_category_id, daily_price, thumbnail_url) VALUES (91, 'ADJ Mega Par', '조명 시스템 장비 - ADJ Mega Par', 5, 'AVAILABLE', 15, '2025-08-12 00:42:39', '2025-08-12 00:42:39', 3, 19, 35842, 'https://www.adj.eu/media/catalog/product/cache/675c0c791e7c515e3278f9260f8845cc/1/2/1226200024_02_5_1.jpg');
INSERT IGNORE INTO item (id, name, description, stock_quantity, status, partner_id, created_at, updated_at, category_id, sub_category_id, daily_price, thumbnail_url) VALUES (92, 'Chauvet DJ GigBar', '조명 시스템 장비 - Chauvet DJ GigBar', 4, 'AVAILABLE', 16, '2025-08-12 00:42:39', '2025-08-12 00:42:39', 3, 19, 33341, 'https://www.chauvetdj.com/wp-content/uploads/2019/12/GigBAR-Move-PACKAGE-FRONT.jpg');
INSERT IGNORE INTO item (id, name, description, stock_quantity, status, partner_id, created_at, updated_at, category_id, sub_category_id, daily_price, thumbnail_url) VALUES (93, 'Lighting X5 LED', '조명 시스템 장비 - Lighting X5 LED', 10, 'AVAILABLE', 17, '2025-08-12 00:42:39', '2025-08-12 00:42:39', 3, 19, 26549, 'https://ic.suncentauto.com/images/202401/img659feb729537e.jpeg');
INSERT IGNORE INTO item (id, name, description, stock_quantity, status, partner_id, created_at, updated_at, category_id, sub_category_id, daily_price, thumbnail_url) VALUES (94, 'Showtec LED Par', '조명 시스템 장비 - Showtec LED Par', 4, 'UNAVAILABLE', 18, '2025-08-12 00:42:39', '2025-08-12 00:42:39', 3, 19, 43042, 'https://thumbs.static-thomann.de/thumb/padthumb600x600/pics/bdb/_29/299987/6253952_800.jpg');
INSERT IGNORE INTO item (id, name, description, stock_quantity, status, partner_id, created_at, updated_at, category_id, sub_category_id, daily_price, thumbnail_url) VALUES (95, 'Beamz SlimPar', '조명 시스템 장비 - Beamz SlimPar', 9, 'AVAILABLE', 19, '2025-08-12 00:42:39', '2025-08-12 00:42:39', 3, 19, 5657, 'https://www.beamzlighting.com/wp-content/uploads/2022/11/150901_side3_1-1500x1500.jpg');
INSERT IGNORE INTO item (id, name, description, stock_quantity, status, partner_id, created_at, updated_at, category_id, sub_category_id, daily_price, thumbnail_url) VALUES (96, '롤업 배너 세트', '배너/입간판 장비 - 롤업 배너 세트', 5, 'AVAILABLE', 1, '2025-08-12 00:42:39', '2025-08-12 00:42:39', 3, 20, 11422, 'https://www.shutterstock.com/image-vector/business-roll-banner-set-design-260nw-2200480085.jpg');
INSERT IGNORE INTO item (id, name, description, stock_quantity, status, partner_id, created_at, updated_at, category_id, sub_category_id, daily_price, thumbnail_url) VALUES (97, '입간판 A형', '배너/입간판 장비 - 입간판 A형', 7, 'AVAILABLE', 2, '2025-08-12 00:42:39', '2025-08-12 00:42:39', 3, 20, 35059, 'https://m.mintcorn.com/web/product/big/20200213/67db7a19628af63ddbc9f2ed4053aa6d.jpg');
INSERT IGNORE INTO item (id, name, description, stock_quantity, status, partner_id, created_at, updated_at, category_id, sub_category_id, daily_price, thumbnail_url) VALUES (98, '포스터 스탠드', '배너/입간판 장비 - 포스터 스탠드', 6, 'AVAILABLE', 3, '2025-08-12 00:42:39', '2025-08-12 00:42:39', 3, 20, 24177, 'https://m.baro-sign.com/web/product/big/202408/6f77330e9eb54cf9dfd87809e120c234.jpg');
INSERT IGNORE INTO item (id, name, description, stock_quantity, status, partner_id, created_at, updated_at, category_id, sub_category_id, daily_price, thumbnail_url) VALUES (99, 'X배너', '배너/입간판 장비 - X배너', 8, 'AVAILABLE', 4, '2025-08-12 00:42:39', '2025-08-12 00:42:39', 3, 20, 33678, 'https://cafe24.poxo.com/ec01/dwenb01099/UVTjSep0dwP4/wX7AtHyXEJZFGxlQIND099/aU3j80KM7EitxaL+HoPDO3nkjpF7oJK2+j3Lz2eAHkkFTOEr6Q==/_/web/product/big/202305/01b2fb5f70497c5b2f0eecccbc988f05.png');
INSERT IGNORE INTO item (id, name, description, stock_quantity, status, partner_id, created_at, updated_at, category_id, sub_category_id, daily_price, thumbnail_url) VALUES (100, '이젤 입간판', '배너/입간판 장비 - 이젤 입간판', 5, 'AVAILABLE', 5, '2025-08-12 00:42:39', '2025-08-12 00:42:39', 3, 20, 45160, 'https://sitem.ssgcdn.com/28/63/09/item/1000023096328_i10_750.jpg');
INSERT IGNORE INTO item (id, name, description, stock_quantity, status, partner_id, created_at, updated_at, category_id, sub_category_id, daily_price, thumbnail_url) VALUES (101, '행사용 의자', '의자/테이블 장비 - 행사용 의자', 9, 'AVAILABLE', 6, '2025-08-12 00:42:39', '2025-08-12 00:42:39', 3, 21, 24410, 'https://jihoon471.cafe24.com/web/product/big/20200113/e054314409e52fe72b3b7c4f462be8ad.png');
INSERT IGNORE INTO item (id, name, description, stock_quantity, status, partner_id, created_at, updated_at, category_id, sub_category_id, daily_price, thumbnail_url) VALUES (102, '행사용 원형 테이블', '의자/테이블 장비 - 행사용 원형 테이블', 3, 'UNAVAILABLE', 7, '2025-08-12 00:42:39', '2025-08-12 00:42:39', 3, 21, 36242, 'https://toprent.co.kr/web/product/big/202212/344f9466cd5b26f6b0f9a71e850654a3.jpg');
INSERT IGNORE INTO item (id, name, description, stock_quantity, status, partner_id, created_at, updated_at, category_id, sub_category_id, daily_price, thumbnail_url) VALUES (103, '폴딩 테이블', '의자/테이블 장비 - 폴딩 테이블', 6, 'AVAILABLE', 8, '2025-08-12 00:42:39', '2025-08-12 00:42:39', 3, 21, 13411, 'https://sitem.ssgcdn.com/48/59/41/item/1000296415948_i1_750.jpg');
INSERT IGNORE INTO item (id, name, description, stock_quantity, status, partner_id, created_at, updated_at, category_id, sub_category_id, daily_price, thumbnail_url) VALUES (104, '스틸 체어', '의자/테이블 장비 - 스틸 체어', 7, 'AVAILABLE', 9, '2025-08-12 00:42:39', '2025-08-12 00:42:39', 3, 21, 44516, 'https://m.magicfn.com/web/product/big/202310/45d17ab2cdfb99adec0033ccaffb1b3a.jpg');
INSERT IGNORE INTO item (id, name, description, stock_quantity, status, partner_id, created_at, updated_at, category_id, sub_category_id, daily_price, thumbnail_url) VALUES (105, '플라스틱 테이블', '의자/테이블 장비 - 플라스틱 테이블', 9, 'AVAILABLE', 10, '2025-08-12 00:42:39', '2025-08-12 00:42:39', 3, 21, 48088, 'https://m.p-market.co.kr/web/product/big/202303/9f9c050bb677d0d21f42f76644e49ea4.jpg');
INSERT IGNORE INTO item (id, name, description, stock_quantity, status, partner_id, created_at, updated_at, category_id, sub_category_id, daily_price, thumbnail_url) VALUES (106, '행사용 조립형 부스', '텐트/부스 장비 - 행사용 조립형 부스', 9, 'AVAILABLE', 11, '2025-08-12 00:42:39', '2025-08-12 00:42:39', 3, 22, 43074, 'https://idchowto.com/wp-content/uploads/2015/03/secon1.png');
INSERT IGNORE INTO item (id, name, description, stock_quantity, status, partner_id, created_at, updated_at, category_id, sub_category_id, daily_price, thumbnail_url) VALUES (107, '야외 행사 텐트', '텐트/부스 장비 - 야외 행사 텐트', 10, 'AVAILABLE', 12, '2025-08-12 00:42:39', '2025-08-12 00:42:39', 3, 22, 7555, 'https://sitem.ssgcdn.com/81/57/97/item/1000549975781_i1_750.jpg');
INSERT IGNORE INTO item (id, name, description, stock_quantity, status, partner_id, created_at, updated_at, category_id, sub_category_id, daily_price, thumbnail_url) VALUES (108, '3x3 이벤트 부스', '텐트/부스 장비 - 3x3 이벤트 부스', 6, 'AVAILABLE', 13, '2025-08-12 00:42:39', '2025-08-12 00:42:39', 3, 22, 44571, 'https://www.greenexpomax.com/uploadfiles/128.1.164.27/webid1070/source/202503/6911217413182208.png');
INSERT IGNORE INTO item (id, name, description, stock_quantity, status, partner_id, created_at, updated_at, category_id, sub_category_id, daily_price, thumbnail_url) VALUES (109, '이동식 캐노피', '텐트/부스 장비 - 이동식 캐노피', 9, 'AVAILABLE', 14, '2025-08-12 00:42:39', '2025-08-12 00:42:39', 3, 22, 38449, 'https://cafe24.poxo.com/ec01/ktk0617/o0C9BatytSP+g0OrHf+DF6O/gGgWjYlpphAsXD9lK9UNp9jk3eyJngA5cFx3OKqP/_/web/product/big/ktk0617_655.jpg');
INSERT IGNORE INTO item (id, name, description, stock_quantity, status, partner_id, created_at, updated_at, category_id, sub_category_id, daily_price, thumbnail_url) VALUES (110, '폴딩 부스', '텐트/부스 장비 - 폴딩 부스', 3, 'AVAILABLE', 15, '2025-08-12 00:42:39', '2025-08-12 00:42:39', 3, 22, 13522, 'https://thumbnail7.coupangcdn.com/thumbnails/remote/492x492ex/image/vendor_inventory/3ccf/3389f9fe56b8d4d25edecff6affd4a96b8392662f1839d29f971bbb58b8d.jpg');
INSERT IGNORE INTO item (id, name, description, stock_quantity, status, partner_id, created_at, updated_at, category_id, sub_category_id, daily_price, thumbnail_url) VALUES (111, '트러스 구조물', '무대 구조물 장비 - 트러스 구조물', 8, 'AVAILABLE', 16, '2025-08-12 00:42:39', '2025-08-12 00:42:39', 3, 23, 29027, 'https://cbu01.alicdn.com/img/ibank/2015/733/162/2394261337_619172771.jpg');
INSERT IGNORE INTO item (id, name, description, stock_quantity, status, partner_id, created_at, updated_at, category_id, sub_category_id, daily_price, thumbnail_url) VALUES (112, '무대 스텝', '무대 구조물 장비 - 무대 스텝', 7, 'AVAILABLE', 17, '2025-08-12 00:42:39', '2025-08-12 00:42:39', 3, 23, 30971, 'https://img.khan.co.kr/news/2018/09/01/l_2018090101000027200302961.jpg');
INSERT IGNORE INTO item (id, name, description, stock_quantity, status, partner_id, created_at, updated_at, category_id, sub_category_id, daily_price, thumbnail_url) VALUES (113, '백드롭', '무대 구조물 장비 - 백드롭', 9, 'UNAVAILABLE', 18, '2025-08-12 00:42:39', '2025-08-12 00:42:39', 3, 23, 34969, 'https://100gomidesign.com/web/product/extra/big/202406/6f5c6fcef7637a92d9ec25ec67c1b96d.jpg');
INSERT IGNORE INTO item (id, name, description, stock_quantity, status, partner_id, created_at, updated_at, category_id, sub_category_id, daily_price, thumbnail_url) VALUES (114, 'LED 스크린 프레임', '무대 구조물 장비 - LED 스크린 프레임', 5, 'AVAILABLE', 19, '2025-08-12 00:42:39', '2025-08-12 00:42:39', 3, 23, 38737, 'https://szledworld.com/wp-content/uploads/2023/10/LED-Screen-Frame-Two-Pole-1024x512.jpg');
INSERT IGNORE INTO item (id, name, description, stock_quantity, status, partner_id, created_at, updated_at, category_id, sub_category_id, daily_price, thumbnail_url) VALUES (115, '이동형 무대', '무대 구조물 장비 - 이동형 무대', 5, 'AVAILABLE', 1, '2025-08-12 00:42:39', '2025-08-12 00:42:39', 3, 23, 8797, 'https://cdn.imweb.me/upload/S20230324b36a5caf550b8/cb961c6890fc2.jpg');
INSERT IGNORE INTO item (id, name, description, stock_quantity, status, partner_id, created_at, updated_at, category_id, sub_category_id, daily_price, thumbnail_url) VALUES (116, '알루미늄 패널', '전시 패널 장비 - 알루미늄 패널', 4, 'AVAILABLE', 2, '2025-08-12 00:42:39', '2025-08-12 00:42:39', 3, 24, 45090, 'https://mjint.kr/web/product/extra/small/202312/932758ea0ba98d56692f50c8362fdfb5.png');
INSERT IGNORE INTO item (id, name, description, stock_quantity, status, partner_id, created_at, updated_at, category_id, sub_category_id, daily_price, thumbnail_url) VALUES (117, '디스플레이 스탠드', '전시 패널 장비 - 디스플레이 스탠드', 6, 'AVAILABLE', 3, '2025-08-12 00:42:39', '2025-08-12 00:42:39', 3, 24, 34765, 'https://m.fine-display.com/web/product/big/201806/560_shop1_15295642828374.jpg');
INSERT IGNORE INTO item (id, name, description, stock_quantity, status, partner_id, created_at, updated_at, category_id, sub_category_id, daily_price, thumbnail_url) VALUES (118, '전시 벽면 패널', '전시 패널 장비 - 전시 벽면 패널', 8, 'AVAILABLE', 4, '2025-08-12 00:42:39', '2025-08-12 00:42:39', 3, 24, 47653, 'https://blogger.googleusercontent.com/img/b/R29vZ2xl/AVvXsEjpI-twEVdbhgwloJjofFFH-hFlWB_B5sb2bsg87Nrm15c1vjOjac5iMQ8VQrEmKyMy2GVNFUeFWjh-qZiYaQA64_k4p1ocowLaokEBSECXT4l0FCJCMllrstCz64JHPbdxIy8OvXODFH7a1C-9NCNetqVehIJ0gsPmFJYZtydWTS-gBai2GKCA_jGr6LI/s926/%EC%95%84%ED%8A%B8%EB%A1%9C%EB%93%9C_3.jpg');
INSERT IGNORE INTO item (id, name, description, stock_quantity, status, partner_id, created_at, updated_at, category_id, sub_category_id, daily_price, thumbnail_url) VALUES (119, '포스터 패널', '전시 패널 장비 - 포스터 패널', 6, 'AVAILABLE', 5, '2025-08-12 00:42:39', '2025-08-12 00:42:39', 3, 24, 37050, 'https://thumbnail9.coupangcdn.com/thumbnails/remote/492x492ex/image/vendor_inventory/3939/47159c6720453b3886348565312c2a0e25becf656f61d13506abb7115fda.jpg');
INSERT IGNORE INTO item (id, name, description, stock_quantity, status, partner_id, created_at, updated_at, category_id, sub_category_id, daily_price, thumbnail_url) VALUES (120, '라운드 패널', '전시 패널 장비 - 라운드 패널', 4, 'AVAILABLE', 6, '2025-08-12 00:42:39', '2025-08-12 00:42:39', 3, 24, 30782, 'https://ko.baiyiwoodworks.com/uploads/202337057/flexible-half-round-wall-panels-in-solid-wooddb975e71-5b4e-4662-a300-f0e078f62397.jpg');
INSERT IGNORE INTO item (id, name, description, stock_quantity, status, partner_id, created_at, updated_at, category_id, sub_category_id, daily_price, thumbnail_url) VALUES (121, 'MacBook Pro M2', '노트북 장비 - MacBook Pro M2', 3, 'AVAILABLE', 7, '2025-08-12 00:42:39', '2025-08-12 00:42:39', 4, 25, 13319, 'https://static.independent.co.uk/2022/06/22/11/macbook%20pro%20m2%20indybest.jpg');
INSERT IGNORE INTO item (id, name, description, stock_quantity, status, partner_id, created_at, updated_at, category_id, sub_category_id, daily_price, thumbnail_url) VALUES (122, 'LG Gram 16', '노트북 장비 - LG Gram 16', 5, 'AVAILABLE', 8, '2025-08-12 00:42:39', '2025-08-12 00:42:39', 4, 25, 27388, 'https://www.lge.co.kr/kr/images/notebook/md08917848/usp/usp_0109_1.png');
INSERT IGNORE INTO item (id, name, description, stock_quantity, status, partner_id, created_at, updated_at, category_id, sub_category_id, daily_price, thumbnail_url) VALUES (123, '삼성 갤럭시북3', '노트북 장비 - 삼성 갤럭시북3', 4, 'AVAILABLE', 9, '2025-08-12 00:42:39', '2025-08-12 00:42:39', 4, 25, 12486, 'https://img.kr.news.samsung.com/kr/wp-content/uploads/2023/05/%EA%B0%A4%EB%9F%AD%EC%8B%9C-%EB%B6%813_%EC%8B%A4%EB%B2%84-e1682859357564.jpg');
INSERT IGNORE INTO item (id, name, description, stock_quantity, status, partner_id, created_at, updated_at, category_id, sub_category_id, daily_price, thumbnail_url) VALUES (124, 'Dell XPS 13', '노트북 장비 - Dell XPS 13', 10, 'AVAILABLE', 10, '2025-08-12 00:42:39', '2025-08-12 00:42:39', 4, 25, 6573, 'https://cdn.itdaily.kr/news/photo/202201/205926_206918_5744.jpg');
INSERT IGNORE INTO item (id, name, description, stock_quantity, status, partner_id, created_at, updated_at, category_id, sub_category_id, daily_price, thumbnail_url) VALUES (125, 'HP Spectre x360', '노트북 장비 - HP Spectre x360', 7, 'AVAILABLE', 11, '2025-08-12 00:42:39', '2025-08-12 00:42:39', 4, 25, 44123, 'https://ssl-product-images.www8-hp.com/digmedialib/prodimg/lowres/c08358580.png');
INSERT IGNORE INTO item (id, name, description, stock_quantity, status, partner_id, created_at, updated_at, category_id, sub_category_id, daily_price, thumbnail_url) VALUES (126, 'Feelworld F6 Plus', '모니터 장비 - Feelworld F6 Plus', 9, 'AVAILABLE', 12, '2025-08-12 00:42:39', '2025-08-12 00:42:39', 4, 26, 31042, 'https://m.media-amazon.com/images/I/61Bb6NoS0BL._AC_.jpg');
INSERT IGNORE INTO item (id, name, description, stock_quantity, status, partner_id, created_at, updated_at, category_id, sub_category_id, daily_price, thumbnail_url) VALUES (127, 'Atomos Ninja V', '모니터 장비 - Atomos Ninja V', 4, 'AVAILABLE', 13, '2025-08-12 00:42:39', '2025-08-12 00:42:39', 4, 26, 38134, 'https://m.2nsolu.co.kr/web/product/extra/small/202102/72cc6e2ec19c54e44b5d02c0fcbcd36a.jpg');
INSERT IGNORE INTO item (id, name, description, stock_quantity, status, partner_id, created_at, updated_at, category_id, sub_category_id, daily_price, thumbnail_url) VALUES (128, 'Blackmagic Video Assist', '모니터 장비 - Blackmagic Video Assist', 6, 'AVAILABLE', 14, '2025-08-12 00:42:39', '2025-08-12 00:42:39', 4, 26, 9802, 'https://www.adorama.com/images/Large/BMVIDASSI12G_5.jpg');
INSERT IGNORE INTO item (id, name, description, stock_quantity, status, partner_id, created_at, updated_at, category_id, sub_category_id, daily_price, thumbnail_url) VALUES (129, 'Lilliput A7s', '모니터 장비 - Lilliput A7s', 9, 'AVAILABLE', 15, '2025-08-12 00:42:39', '2025-08-12 00:42:39', 4, 26, 10521, 'https://cdn.imweb.me/thumbnail/20220614/a11cc7e601936.jpg');
INSERT IGNORE INTO item (id, name, description, stock_quantity, status, partner_id, created_at, updated_at, category_id, sub_category_id, daily_price, thumbnail_url) VALUES (130, 'Desview R6', '모니터 장비 - Desview R6', 4, 'UNAVAILABLE', 16, '2025-08-12 00:42:39', '2025-08-12 00:42:39', 4, 26, 45682, 'https://ae01.alicdn.com/kf/Sd3542906c2264eaabff820ad50ced9fdn.jpg');
INSERT IGNORE INTO item (id, name, description, stock_quantity, status, partner_id, created_at, updated_at, category_id, sub_category_id, daily_price, thumbnail_url) VALUES (131, '다이슨 V15', '청소기 장비 - 다이슨 V15', 7, 'AVAILABLE', 17, '2025-08-12 00:42:39', '2025-08-12 00:42:39', 4, 27, 33394, 'https://image.auction.co.kr/itemimage/38/06/7e/38067ec9b6.jpg');
INSERT IGNORE INTO item (id, name, description, stock_quantity, status, partner_id, created_at, updated_at, category_id, sub_category_id, daily_price, thumbnail_url) VALUES (132, 'LG 코드제로 A9', '청소기 장비 - LG 코드제로 A9', 7, 'UNAVAILABLE', 18, '2025-08-12 00:42:39', '2025-08-12 00:42:39', 4, 27, 15882, 'https://cdn.imweb.me/thumbnail/20200910/8bfb3edf10fec.jpg');
INSERT IGNORE INTO item (id, name, description, stock_quantity, status, partner_id, created_at, updated_at, category_id, sub_category_id, daily_price, thumbnail_url) VALUES (133, '샤오미 로봇청소기', '청소기 장비 - 샤오미 로봇청소기', 6, 'AVAILABLE', 19, '2025-08-12 00:42:39', '2025-08-12 00:42:39', 4, 27, 45396, 'https://img.ssfshop.com/cmd/LB_750x1000/src/https://img.ssfshop.com/goods/LIFE/23/02/10/GQJT23021062595_0_ORGINL_20230210163241620.jpg');
INSERT IGNORE INTO item (id, name, description, stock_quantity, status, partner_id, created_at, updated_at, category_id, sub_category_id, daily_price, thumbnail_url) VALUES (134, '삼성 제트', '청소기 장비 - 삼성 제트', 6, 'AVAILABLE', 1, '2025-08-12 00:42:39', '2025-08-12 00:42:39', 4, 27, 30778, 'https://img.kr.news.samsung.com/kr/wp-content/uploads/2019/01/20190128-pr-vacuum-4.jpg');
INSERT IGNORE INTO item (id, name, description, stock_quantity, status, partner_id, created_at, updated_at, category_id, sub_category_id, daily_price, thumbnail_url) VALUES (135, '일렉트로룩스 퓨어Q9', '청소기 장비 - 일렉트로룩스 퓨어Q9', 7, 'AVAILABLE', 2, '2025-08-12 00:42:39', '2025-08-12 00:42:39', 4, 27, 15333, 'https://sitem.ssgcdn.com/77/19/40/item/1000048401977_i1_750.jpg');
INSERT IGNORE INTO item (id, name, description, stock_quantity, status, partner_id, created_at, updated_at, category_id, sub_category_id, daily_price, thumbnail_url) VALUES (136, 'LG 시네빔', '빔프로젝터 장비 - LG 시네빔', 5, 'UNAVAILABLE', 3, '2025-08-12 00:42:39', '2025-08-12 00:42:39', 4, 28, 16634, 'https://live.lge.co.kr/wp-content/uploads/2023/12/%EC%A0%9C%ED%92%88-%EC%82%AC%EC%A7%84-1-LG-%EC%8B%9C%EB%84%A4%EB%B9%94-%ED%81%90%EB%B8%8C-1920x1297.jpg');
INSERT IGNORE INTO item (id, name, description, stock_quantity, status, partner_id, created_at, updated_at, category_id, sub_category_id, daily_price, thumbnail_url) VALUES (137, 'BenQ TK700', '빔프로젝터 장비 - BenQ TK700', 3, 'AVAILABLE', 4, '2025-08-12 00:42:39', '2025-08-12 00:42:39', 4, 28, 27770, 'https://sitem.ssgcdn.com/40/10/26/item/1000580261040_i1_750.jpg');
INSERT IGNORE INTO item (id, name, description, stock_quantity, status, partner_id, created_at, updated_at, category_id, sub_category_id, daily_price, thumbnail_url) VALUES (138, '뷰소닉 M2e', '빔프로젝터 장비 - 뷰소닉 M2e', 9, 'AVAILABLE', 5, '2025-08-12 00:42:39', '2025-08-12 00:42:39', 4, 28, 30232, 'https://godomall.speedycdn.net/b9d5ae505fff7eab95900651c44a724a/goods/1921/image/detail/1921_detail_014.jpg');
INSERT IGNORE INTO item (id, name, description, stock_quantity, status, partner_id, created_at, updated_at, category_id, sub_category_id, daily_price, thumbnail_url) VALUES (139, '샤오미 Wanbo', '빔프로젝터 장비 - 샤오미 Wanbo', 7, 'UNAVAILABLE', 6, '2025-08-12 00:42:39', '2025-08-12 00:42:39', 4, 28, 16817, 'https://th2.tmon.kr/thumbs/image/eeb/870/668/383e194a8_700x700_95_FIT.jpg');
INSERT IGNORE INTO item (id, name, description, stock_quantity, status, partner_id, created_at, updated_at, category_id, sub_category_id, daily_price, thumbnail_url) VALUES (140, 'Anker Nebula', '빔프로젝터 장비 - Anker Nebula', 8, 'AVAILABLE', 7, '2025-08-12 00:42:39', '2025-08-12 00:42:39', 4, 28, 33770, 'https://sitem.ssgcdn.com/67/42/41/item/1000561414267_i1_750.jpg');
INSERT IGNORE INTO item (id, name, description, stock_quantity, status, partner_id, created_at, updated_at, category_id, sub_category_id, daily_price, thumbnail_url) VALUES (141, '삼성 무풍 에어컨', '에어컨/냉장고 장비 - 삼성 무풍 에어컨', 9, 'AVAILABLE', 8, '2025-08-12 00:42:39', '2025-08-12 00:42:39', 4, 29, 23693, 'https://img.kr.news.samsung.com/kr/wp-content/uploads/2016/01/01-2.jpg');
INSERT IGNORE INTO item (id, name, description, stock_quantity, status, partner_id, created_at, updated_at, category_id, sub_category_id, daily_price, thumbnail_url) VALUES (142, 'LG 휘센', '에어컨/냉장고 장비 - LG 휘센', 10, 'AVAILABLE', 9, '2025-08-12 00:42:39', '2025-08-12 00:42:39', 4, 29, 45592, 'https://live.lge.co.kr/wp-content/uploads/2021/01/LG-WHISEN-TOWER_5.jpg');
INSERT IGNORE INTO item (id, name, description, stock_quantity, status, partner_id, created_at, updated_at, category_id, sub_category_id, daily_price, thumbnail_url) VALUES (143, '위니아 냉장고', '에어컨/냉장고 장비 - 위니아 냉장고', 8, 'AVAILABLE', 10, '2025-08-12 00:42:39', '2025-08-12 00:42:39', 4, 29, 19779, 'https://m.huborn.co.kr/web/product/big/202307/13e225065d4d0c75be1387945908a025.jpg');
INSERT IGNORE INTO item (id, name, description, stock_quantity, status, partner_id, created_at, updated_at, category_id, sub_category_id, daily_price, thumbnail_url) VALUES (144, '하이얼 미니냉장고', '에어컨/냉장고 장비 - 하이얼 미니냉장고', 10, 'AVAILABLE', 11, '2025-08-12 00:42:39', '2025-08-12 00:42:39', 4, 29, 23910, 'https://th2.tmon.kr/thumbs/image/6ce/4e2/229/f6e85185e_700x700_95_FIT.jpg');
INSERT IGNORE INTO item (id, name, description, stock_quantity, status, partner_id, created_at, updated_at, category_id, sub_category_id, daily_price, thumbnail_url) VALUES (145, '캐리어 에어컨', '에어컨/냉장고 장비 - 캐리어 에어컨', 8, 'AVAILABLE', 12, '2025-08-12 00:42:39', '2025-08-12 00:42:39', 4, 29, 36078, 'https://www.carrier.co.kr/images/main/AMC23VP1PSGH.png');
INSERT IGNORE INTO item (id, name, description, stock_quantity, status, partner_id, created_at, updated_at, category_id, sub_category_id, daily_price, thumbnail_url) VALUES (146, 'HP OfficeJet 9010', '프린터 장비 - HP OfficeJet 9010', 10, 'AVAILABLE', 13, '2025-08-12 00:42:39', '2025-08-12 00:42:39', 4, 30, 14824, 'https://ssl-product-images.www8-hp.com/digmedialib/prodimg/lowres/c06255879.png');
INSERT IGNORE INTO item (id, name, description, stock_quantity, status, partner_id, created_at, updated_at, category_id, sub_category_id, daily_price, thumbnail_url) VALUES (147, 'Canon Pixma G3900', '프린터 장비 - Canon Pixma G3900', 5, 'AVAILABLE', 14, '2025-08-12 00:42:39', '2025-08-12 00:42:39', 4, 30, 26725, 'https://media.bunjang.co.kr/product/329804868_1_1745401704_w1200.jpg');
INSERT IGNORE INTO item (id, name, description, stock_quantity, status, partner_id, created_at, updated_at, category_id, sub_category_id, daily_price, thumbnail_url) VALUES (148, '삼성 SL-M2070', '프린터 장비 - 삼성 SL-M2070', 3, 'AVAILABLE', 15, '2025-08-12 00:42:39', '2025-08-12 00:42:39', 4, 30, 5019, 'https://img.kr.gcp-karroter.net/origin/article/202507/17517154148665bf80499c14c4276aa5c887bc0f20b82e3196bf6b73b3f13421cf5e7a959e6120.jpg');
INSERT IGNORE INTO item (id, name, description, stock_quantity, status, partner_id, created_at, updated_at, category_id, sub_category_id, daily_price, thumbnail_url) VALUES (149, '브라더 HL-L2365', '프린터 장비 - 브라더 HL-L2365', 7, 'AVAILABLE', 16, '2025-08-12 00:42:39', '2025-08-12 00:42:39', 4, 30, 34551, 'https://support.brother.com/g/b/img/product/hll2365dw_eu_as.jpg');
INSERT IGNORE INTO item (id, name, description, stock_quantity, status, partner_id, created_at, updated_at, category_id, sub_category_id, daily_price, thumbnail_url) VALUES (150, 'Epson EcoTank', '프린터 장비 - Epson EcoTank', 7, 'AVAILABLE', 17, '2025-08-12 00:42:39', '2025-08-12 00:42:39', 4, 30, 20133, 'https://m.media-amazon.com/images/I/71YAEcgmmAL.jpg');
INSERT IGNORE INTO item (id, name, description, stock_quantity, status, partner_id, created_at, updated_at, category_id, sub_category_id, daily_price, thumbnail_url) VALUES (151, '시디즈 T50', '의자/책상 장비 - 시디즈 T50', 9, 'UNAVAILABLE', 18, '2025-08-12 00:42:39', '2025-08-12 00:42:39', 4, 31, 47296, 'https://img.kr.gcp-karroter.net/origin/article/202504/1745657457672315a9f6d75e999480138e10aad101576bc77cb3f2e1784f02a5369c632886eb40.jpg');
INSERT IGNORE INTO item (id, name, description, stock_quantity, status, partner_id, created_at, updated_at, category_id, sub_category_id, daily_price, thumbnail_url) VALUES (152, '한샘 컴퓨터책상', '의자/책상 장비 - 한샘 컴퓨터책상', 5, 'AVAILABLE', 19, '2025-08-12 00:42:39', '2025-08-12 00:42:39', 4, 31, 7188, 'https://sitem.ssgcdn.com/59/20/88/item/1000555882059_i1_750.jpg');
INSERT IGNORE INTO item (id, name, description, stock_quantity, status, partner_id, created_at, updated_at, category_id, sub_category_id, daily_price, thumbnail_url) VALUES (153, '듀오백 의자', '의자/책상 장비 - 듀오백 의자', 7, 'AVAILABLE', 1, '2025-08-12 00:42:39', '2025-08-12 00:42:39', 4, 31, 30037, 'https://www.duoback.co.kr/data/goods/1/2021/05/137_tmp_70bde098f29a2a6b60d54d6c2a87fbd63375view.jpg');
INSERT IGNORE INTO item (id, name, description, stock_quantity, status, partner_id, created_at, updated_at, category_id, sub_category_id, daily_price, thumbnail_url) VALUES (154, '아이리스 책상', '의자/책상 장비 - 아이리스 책상', 4, 'AVAILABLE', 2, '2025-08-12 00:42:39', '2025-08-12 00:42:39', 4, 31, 48540, 'https://cafe24.poxo.com/ec01/dhjupiter2/HOvhRhvOk+Cp2KY4JuusAsmr4A1h5F5AvND/x9pMWT40jSNVBT17/dpx1KGhKivxAQ/1QSvAKhFjPJ25aIJiag==/_/web/product/big/202401/5b3247fc5eab08e8800a56292abef0d1.jpg');
INSERT IGNORE INTO item (id, name, description, stock_quantity, status, partner_id, created_at, updated_at, category_id, sub_category_id, daily_price, thumbnail_url) VALUES (155, '리바트 사무용세트', '의자/책상 장비 - 리바트 사무용세트', 10, 'AVAILABLE', 3, '2025-08-12 00:42:39', '2025-08-12 00:42:39', 4, 31, 46088, 'https://img2.joongna.com/media/original/2023/12/30/1703862088172fVl_4Fwf6.jpg');
INSERT IGNORE INTO item (id, name, description, stock_quantity, status, partner_id, created_at, updated_at, category_id, sub_category_id, daily_price, thumbnail_url) VALUES (156, '보쉬 전동공구세트', '공구세트 장비 - 보쉬 전동공구세트', 5, 'AVAILABLE', 4, '2025-08-12 00:42:39', '2025-08-12 00:42:39', 5, 32, 7966, 'https://sitem.ssgcdn.com/79/48/56/item/1000528564879_i1_750.jpg');
INSERT IGNORE INTO item (id, name, description, stock_quantity, status, partner_id, created_at, updated_at, category_id, sub_category_id, daily_price, thumbnail_url) VALUES (157, '계양 공구박스', '공구세트 장비 - 계양 공구박스', 6, 'AVAILABLE', 5, '2025-08-12 00:42:39', '2025-08-12 00:42:39', 5, 32, 29954, 'https://keyang.kr/shop/data/goods/1594603604209m0.png');
INSERT IGNORE INTO item (id, name, description, stock_quantity, status, partner_id, created_at, updated_at, category_id, sub_category_id, daily_price, thumbnail_url) VALUES (158, '디월트 공구함', '공구세트 장비 - 디월트 공구함', 5, 'AVAILABLE', 6, '2025-08-12 00:42:39', '2025-08-12 00:42:39', 5, 32, 43629, 'https://m.dewaltmania.com/web/product/big/202204/51a2e52b075c00925a64abc8b890eab4.jpg');
INSERT IGNORE INTO item (id, name, description, stock_quantity, status, partner_id, created_at, updated_at, category_id, sub_category_id, daily_price, thumbnail_url) VALUES (159, '스탠리 공구세트', '공구세트 장비 - 스탠리 공구세트', 10, 'AVAILABLE', 7, '2025-08-12 00:42:39', '2025-08-12 00:42:39', 5, 32, 6898, 'https://sitem.ssgcdn.com/29/22/39/item/1000590392229_i1_750.jpg');
INSERT IGNORE INTO item (id, name, description, stock_quantity, status, partner_id, created_at, updated_at, category_id, sub_category_id, daily_price, thumbnail_url) VALUES (160, '마끼다 툴박스', '공구세트 장비 - 마끼다 툴박스', 3, 'AVAILABLE', 8, '2025-08-12 00:42:39', '2025-08-12 00:42:39', 5, 32, 25094, 'https://m.media-amazon.com/images/I/71GMQ4DNgIS._AC_SS600_.jpg');
INSERT IGNORE INTO item (id, name, description, stock_quantity, status, partner_id, created_at, updated_at, category_id, sub_category_id, daily_price, thumbnail_url) VALUES (161, '테스트기 멀티미터', '디지털계측기 장비 - 테스트기 멀티미터', 7, 'AVAILABLE', 9, '2025-08-12 00:42:39', '2025-08-12 00:42:39', 5, 33, 34313, 'https://m.kbc09.co.kr/data/goods/1/2021/09/325_temp_16327924164973view.jpg');
INSERT IGNORE INTO item (id, name, description, stock_quantity, status, partner_id, created_at, updated_at, category_id, sub_category_id, daily_price, thumbnail_url) VALUES (162, '온습도계', '디지털계측기 장비 - 온습도계', 8, 'AVAILABLE', 10, '2025-08-12 00:42:39', '2025-08-12 00:42:39', 5, 33, 25973, 'https://sitem.ssgcdn.com/99/75/36/item/1000037367599_i1_750.jpg');
INSERT IGNORE INTO item (id, name, description, stock_quantity, status, partner_id, created_at, updated_at, category_id, sub_category_id, daily_price, thumbnail_url) VALUES (163, '소음측정기', '디지털계측기 장비 - 소음측정기', 7, 'AVAILABLE', 11, '2025-08-12 00:42:39', '2025-08-12 00:42:39', 5, 33, 9085, 'https://m.saehanmi.co.kr/web/product/big/june0366_282.jpg');
INSERT IGNORE INTO item (id, name, description, stock_quantity, status, partner_id, created_at, updated_at, category_id, sub_category_id, daily_price, thumbnail_url) VALUES (164, '가스측정기', '디지털계측기 장비 - 가스측정기', 10, 'AVAILABLE', 12, '2025-08-12 00:42:39', '2025-08-12 00:42:39', 5, 33, 12347, 'https://m.sg119.co.kr/web/product/big/202504/7e94539e2412a5859a5ab7682c16aa5c.png');
INSERT IGNORE INTO item (id, name, description, stock_quantity, status, partner_id, created_at, updated_at, category_id, sub_category_id, daily_price, thumbnail_url) VALUES (165, '전력 측정기', '디지털계측기 장비 - 전력 측정기', 6, 'AVAILABLE', 13, '2025-08-12 00:42:39', '2025-08-12 00:42:39', 5, 33, 7490, 'https://godomall.speedycdn.net/f2d857cbdba050bd57900b37355a3a0f/goods/1000000743/image/detail/1000000743_detail_052.jpg');
INSERT IGNORE INTO item (id, name, description, stock_quantity, status, partner_id, created_at, updated_at, category_id, sub_category_id, daily_price, thumbnail_url) VALUES (166, '안전모', '보호장비 장비 - 안전모', 3, 'AVAILABLE', 14, '2025-08-12 00:42:39', '2025-08-12 00:42:39', 5, 34, 39970, 'https://igntech.co.kr/web/product/big/202212/00fcbec6b78e9921f0d8cfc135bf3259.jpg');
INSERT IGNORE INTO item (id, name, description, stock_quantity, status, partner_id, created_at, updated_at, category_id, sub_category_id, daily_price, thumbnail_url) VALUES (167, '보안경', '보호장비 장비 - 보안경', 3, 'AVAILABLE', 15, '2025-08-12 00:42:39', '2025-08-12 00:42:39', 5, 34, 29992, 'https://cafe24.poxo.com/ec01/kyon2014/Eq2JUnbp+f2xrJOy4N2kk3Nl3iVNza7VYdyStcM1PLkZSTGcLhsUcTVCQEh33T1SMpxjSy50XG9dT0BSkhmGnA==/_/web/product/big/202008/e5d73858566701a06462774849bc4f88.jpg');
INSERT IGNORE INTO item (id, name, description, stock_quantity, status, partner_id, created_at, updated_at, category_id, sub_category_id, daily_price, thumbnail_url) VALUES (168, '귀마개', '보호장비 장비 - 귀마개', 9, 'AVAILABLE', 16, '2025-08-12 00:42:39', '2025-08-12 00:42:39', 5, 34, 16237, 'https://yujinsafety.co.kr/data/goods/1/2015/12/39_tmp_9134c9a41986c5b05731068a2e2c8b1e8834view.jpg');
INSERT IGNORE INTO item (id, name, description, stock_quantity, status, partner_id, created_at, updated_at, category_id, sub_category_id, daily_price, thumbnail_url) VALUES (169, '작업복 세트', '보호장비 장비 - 작업복 세트', 9, 'UNAVAILABLE', 17, '2025-08-12 00:42:39', '2025-08-12 00:42:39', 5, 34, 27672, 'https://hoyun2005.hgodo.com/data/T-BUC/TB-13JP,%2014JP/TB-13JP,%2014JP_colors.jpg');
INSERT IGNORE INTO item (id, name, description, stock_quantity, status, partner_id, created_at, updated_at, category_id, sub_category_id, daily_price, thumbnail_url) VALUES (170, '무릎 보호대', '보호장비 장비 - 무릎 보호대', 6, 'AVAILABLE', 18, '2025-08-12 00:42:39', '2025-08-12 00:42:39', 5, 34, 47254, 'https://www.netpx.co.kr/images/goods_img/20180423/119436/119436_a_500.jpg');
INSERT IGNORE INTO item (id, name, description, stock_quantity, status, partner_id, created_at, updated_at, category_id, sub_category_id, daily_price, thumbnail_url) VALUES (171, '샤오미 20000mAh', '차량용 보조배터리 장비 - 샤오미 20000mAh', 7, 'AVAILABLE', 19, '2025-08-12 00:42:39', '2025-08-12 00:42:39', 5, 35, 16047, 'https://i02.appmifile.com/mi-com-product/fly-birds/xiaomi-33w-power-bank-20000mah-integrated-cable/m/399326fd9ea7734a46e6bdcde97c783a.png');
INSERT IGNORE INTO item (id, name, description, stock_quantity, status, partner_id, created_at, updated_at, category_id, sub_category_id, daily_price, thumbnail_url) VALUES (172, 'Anker Jump Starter', '차량용 보조배터리 장비 - Anker Jump Starter', 7, 'AVAILABLE', 1, '2025-08-12 00:42:39', '2025-08-12 00:42:39', 5, 35, 36277, 'https://m.media-amazon.com/images/I/A1QoLWyjC1L.jpg');
INSERT IGNORE INTO item (id, name, description, stock_quantity, status, partner_id, created_at, updated_at, category_id, sub_category_id, daily_price, thumbnail_url) VALUES (173, '블랙앤데커 점프팩', '차량용 보조배터리 장비 - 블랙앤데커 점프팩', 9, 'AVAILABLE', 2, '2025-08-12 00:42:39', '2025-08-12 00:42:39', 5, 35, 32293, 'https://manuals.plus/wp-content/uploads/2021/08/BLACK-DECKER-Jump-Starter-featured-image.jpg');
INSERT IGNORE INTO item (id, name, description, stock_quantity, status, partner_id, created_at, updated_at, category_id, sub_category_id, daily_price, thumbnail_url) VALUES (174, 'LG 배터리팩', '차량용 보조배터리 장비 - LG 배터리팩', 3, 'AVAILABLE', 3, '2025-08-12 00:42:39', '2025-08-12 00:42:39', 5, 35, 45442, 'https://e-power.co.kr/web/product/big/202412/7387993879ca1d292b37f8bfbbc1e144.jpg');
INSERT IGNORE INTO item (id, name, description, stock_quantity, status, partner_id, created_at, updated_at, category_id, sub_category_id, daily_price, thumbnail_url) VALUES (175, '루메나 차량용', '차량용 보조배터리 장비 - 루메나 차량용', 9, 'UNAVAILABLE', 4, '2025-08-12 00:42:39', '2025-08-12 00:42:39', 5, 35, 12460, 'https://lumena.co.kr/web/product/big/202408/eeb8bff046c80fa095007b5bb270e587.png');

/* 상세 설명 (긴 텍스트) 채우기 */
UPDATE item
SET detail_description = CONCAT(
        name, ' — 렌탈용 상세 안내\n\n',
        '• 핵심 특징: 안정적인 성능, 직관적인 조작성, 현장 대응력을 갖춘 장비입니다. ',
        '사진/영상/행사 기록 등 다양한 목적에 활용 가능하며 초보자도 쉽게 운용할 수 있습니다. ',
        '장시간 사용 시 발열 관리를 위해 환기와 휴지 시간을 권장합니다.\n',
        '• 기본 구성: 본체, 배터리 2개, 충전 케이블(또는 충전기), 휴대용 파우치(모델에 따라 다를 수 있음).\n',
        '• 권장 용도: 브이로그/인터뷰/제품 촬영/행사 기록/유튜브 콘텐츠 제작 등.\n',
        '• 사용 팁: 전원 투입 전 저장매체(메모리/카드/SSD) 잔여 용량 확인, 펌웨어 버전 확인, ',
        '촬영 모드(해상도·프레임/노출/화이트밸런스) 사전 프리셋 저장 권장.\n',
        '• 주의 사항: 방진·방습 환경이 아닌 곳에서의 물기/먼지 유입 주의, ',
        '강한 충격/자외선/고온 보관 금지, 반납 전 저장매체 포맷 금지(데이터 백업 후 반납 권장).\n',
        '• 호환성: 브랜드·마운트·전원 규격이 상이할 수 있으니, 기존 보유 액세서리와의 호환 여부를 사전 확인해 주세요.\n\n',
        '※ 상세 스펙 및 구성은 모델·출고 시기에 따라 일부 다를 수 있습니다. 필요한 경우 사전 문의 바랍니다.'
                         )
WHERE (detail_description IS NULL OR detail_description = '');

/* 1) 상세 이미지가 없는 아이템에만 기본 이미지 1장 추가 */
INSERT INTO item_detail_images (item_id, image_url)
SELECT i.id, '/uploads/detailimage.png'
FROM item i
         LEFT JOIN item_detail_images di ON i.id = di.item_id
WHERE di.item_id IS NULL;

/* 2) URL 경로 정리 (localhost 제거 → 상대경로만 유지) */
UPDATE item_detail_images
SET image_url = REPLACE(image_url, 'http://localhost:8080', '');

-- 서버실행 후
-- UPDATE item
-- SET daily_price = ROUND(daily_price, -3);
-- 쿼리문 이용해서 가격 단위 바꾸기